2018-06-01 12:21:34,"b""#unitedairlines #ual app not showing delayed 6042 iad-msy. Total it's still on the ground in savanah??"""
2018-06-01 12:00:31,b'$443 &amp; up -- Los Angeles to New York (Roundtrip) https://t.co/K3na8x4agc #lax #lga #unitedairlines'
2018-06-01 11:04:13,b'RT @Humorcoming: #TravelAgentMall #USA #Canada #SuperAgent #WholesalesAirTicket #GroupAirTickets #LowCostAirTicket #ExpressJetAirlines #Jet\xe2\x80\xa6'
2018-06-01 10:17:58,b'What a smug thing to say...as if I had a choice. \n#united #unitedairlines #oscar #imisscontinental https://t.co/lXkcZ9KmOh'
2018-06-01 09:21:34,"b""RT @jaycofresi: I've never felt safer getting on a plane knowing that this is our Pilot! Thank you @united for this awesome memory #Team_Jj\xe2\x80\xa6"""
2018-06-01 07:43:54,b'And made the worst possible start to my marriage anniversary holiday plans in Spain PLUS a loss of $1000 to boot du\xe2\x80\xa6 https://t.co/Z1UISHNhS0'
2018-06-01 07:41:57,"b'All through this, the pilots (both first and second crews) and the scheduling team never realized that the time for\xe2\x80\xa6 https://t.co/j08XvberEO'"
2018-06-01 07:39:30,"b'UA#163 supposed to take off on May 31st to Madrid - bad weather delay, held back at the gate for 2 hrs, then onto a\xe2\x80\xa6 https://t.co/Zrr6dOIH5i'"
2018-06-01 06:40:05,b'RT @Humorcoming: #TravelAgentMall #USA #Canada #SuperAgent #WholesalesAirTicket #GroupAirTickets #LowCostAirTicket #ExpressJetAirlines #Jet\xe2\x80\xa6'
2018-06-01 06:36:18,b'Delayed flight. Missed my two connecting flights. Stuck in LA. Given food vouchers that didn\xe2\x80\x99t work in the hotel. H\xe2\x80\xa6 https://t.co/vUT7NqJdyY'
2018-06-01 06:27:47,"b""Bc of UA1919's delay my 19 y/o nephew is stranded in SF tonight. No stipend or appropriate accommodations for all o\xe2\x80\xa6 https://t.co/MqwsQUqsEu"""
2018-06-01 06:13:04,b'This new United Polaris \xf0\x9f\xa5\x90\xf0\x9f\xa7\x80\xf0\x9f\x8d\xa3\xf0\x9f\x8d\xb7\xf0\x9f\x8d\xb0 lounge is making us want to spend time at Newark https://t.co/UjMUg6fSUL\xe2\x80\xa6 https://t.co/AjRmJhI1VM'
2018-06-01 03:44:44,b'@united every time I fly with you I get stuck in Chicago. Now I might not even get a hotel room for he night withou\xe2\x80\xa6 https://t.co/sWD70tcPM1'
2018-06-01 03:34:04,b'Stuck on the tarmac for about 45 minutes because of no gates available at D-CALIF. this is after a 6 hour delay. Pe\xe2\x80\xa6 https://t.co/Y0WtC1VqEv'
2018-06-01 03:20:57,b'RT @Robo_Knight: When the Megazord is overbooked and #unitedairlines wants you off https://t.co/v0YBVffl62'
2018-06-01 03:15:00,"b'@united A $100 seat upgrade should have an upgrade of boarding class with it, but alas, #unitedAIRLINES upgrades do\xe2\x80\xa6 https://t.co/vynaQzvf4k'"
2018-06-01 03:10:33,"b'Hey @united, please thank Louis on flight UA1459 from #IAH to #FLL for the excellent #customerservice! With crew li\xe2\x80\xa6 https://t.co/wZbHs70ulB'"
2018-06-01 03:01:47,b'Beyond stressed. @united #customerservice at @EWRairport is terrible. 4 of my flights cancelled today. Lost gate ch\xe2\x80\xa6 https://t.co/bJxxKMfb4x'
2018-06-01 02:47:29,"b""@united What's going on with the flight? United 120. 4 hours delayed. 1 day of vacation lost... had to spend money\xe2\x80\xa6 https://t.co/h3i0pcEwfq"""
2018-06-01 02:46:42,"b'That would require us to go back in time, which is kind of what it feels like to fly #unitedAIRLINES.'"
2018-06-01 02:45:09,"b'#UnitedAirlines texted me to tell me my flight will get into Toronto at 10:55 EST, which is in 13 minutes, which would be super impressive'"
2018-06-01 02:44:41,b'I\xe2\x80\x99m sure the penny pinchers at #UnitedAirlines are celebrating our pit stop in Omaha. What will they come up with next to save a few bucks?'
2018-06-01 02:35:49,b'#unitedAIRLINES well they did it again.  Sat on plane for 3hrs and then kicked us off.  Now 1 hr wait for update.  DONT FLY #unitedAIRLINES'
2018-06-01 02:35:29,b'RT @awardtravelcom: Did you know that people could still smoke on flights up until 2000? Thanks #UnitedAirlines for being the pilot to firs\xe2\x80\xa6'
2018-06-01 01:57:41,"b'@united any updates for our flight, United120? Tired kids, lost connections, it\xe2\x80\x99s been 3 hours. #tired\xe2\x80\xa6 https://t.co/O8I9QF8HR8'"
2018-06-01 01:35:52,b'RT @awardtravelcom: Did you know that people could still smoke on flights up until 2000? Thanks #UnitedAirlines for being the pilot to firs\xe2\x80\xa6'
2018-06-01 01:34:30,b'RT @Humorcoming: #TravelAgentMall #USA #Canada #SuperAgent #WholesalesAirTicket #GroupAirTickets #LowCostAirTicket #ExpressJetAirlines #Jet\xe2\x80\xa6'
2018-06-01 01:31:31,b'Did you know that people could still smoke on flights up until 2000? Thanks #UnitedAirlines for being the pilot to\xe2\x80\xa6 https://t.co/w6TGXmnfhx'
2018-06-01 01:21:02,"b'#UnitedAirlines too cheap to offer 4 vouchers to keep weight limits down, instead decides to make an unannounced fu\xe2\x80\xa6 https://t.co/C85jO1LRdP'"
2018-06-01 01:09:00,b'vintage United Airlines Future Pilot metal pin 1960s https://t.co/cSUrWSIcxW #travelcollectible #etsy\xe2\x80\xa6 https://t.co/mVEjXe8CJ5'
2018-06-01 01:02:33,b'That\xe2\x80\x99s what it takes to NOT get you to #ASCO18 in time. Thanks #unitedAIRLINES \xf0\x9f\x98\x82\xf0\x9f\x91\x8d\xf0\x9f\x8f\xbb https://t.co/C0XA211XR3'
2018-06-01 01:01:12,"b'After so many delays today, finally made it home! #travelingchef #chicago #losangeles #unitedairlines #delays\xe2\x80\xa6 https://t.co/FMAVcx7gZi'"
2018-06-01 00:43:21,b'@united   Looking forward to flying off with you for a great vacation. #UnitedAirlines #MileagePlus'
2018-06-01 00:40:33,b'@united Why not give passengers numbers like a bakery so they don\xe2\x80\x99t have to STAND for over an hour in customer serv\xe2\x80\xa6 https://t.co/yBVSMvgLov'
2018-06-01 00:27:17,b'On the plane ... UA 822 ... IAD to BOS ... boarded 4 hrs ago ... parked on tarmac waiting for ATC to \xe2\x80\x9cfind a route\xe2\x80\x9d\xe2\x80\xa6 https://t.co/XbgvZKdKa7'
2018-06-01 00:26:48,b'RT @WDaveDick: #Metoo website launch for those current and former flight attendants battling systemic sexual assault and harassment in this\xe2\x80\xa6'
2018-06-01 00:20:55,b'#Metoo website launch for those current and former flight attendants battling systemic sexual assault and harassmen\xe2\x80\xa6 https://t.co/6d0OE0iKHC'
2018-06-01 00:19:12,b'RT @UnitedFlyerHD: United B777-200ER (N786UA) short final for Washington @Dulles_Airport RWY 30\n#avgeek #Boeing #boeing777 #UnitedAirlines\xe2\x80\xa6'
2018-06-01 00:17:10,b'RT @AndrewGaddis300: I always feel at pease when I\xe2\x80\x99m up here.  The stuff dreams are made of. Soaring high over Colorado\xe2\x9c\x88\xef\xb8\x8f #UnitedAirlines #\xe2\x80\xa6'
2018-06-01 00:10:57,b'@united needs to actually stick to their customer care commitment https://t.co/QT0DqmDIM0 - $200 lower fare availab\xe2\x80\xa6 https://t.co/2v6vWvPQhz'
2018-06-01 00:01:26,b'Thanks #unitedairlines for ensuring our family gets into Miami not at 11pm but 3am tomorrow thanks to faulty PA equipment. You\xe2\x80\x99re the best.'
2018-05-31 23:46:41,b'#unitedAIRLINES 737 - oh my what a disaster today - from mechanical problems to gas to weather started at 12:35 now\xe2\x80\xa6 https://t.co/ICnD6MTm6V'
2018-05-31 23:03:22,b'Let\xe2\x80\x99s play the game \xe2\x80\x9chow long will my flight be delayed?\xe2\x80\x9d Going on 3 hours now and sitting in the plane for 2.\xe2\x80\xa6 https://t.co/6X0ZNj4iim'
2018-05-31 23:00:34,b'My flight is #delayed which is not fun BUT I don\xe2\x80\x99t have to wait on this line for #unitedairlines #customerservice I\xe2\x80\xa6 https://t.co/933BOavCJT'
2018-05-31 22:57:44,b'Happy #Internationalflightattendantday\n#UnitedAirlines #Weareunited #beingunited https://t.co/ULVNYn55ue'
2018-05-31 22:17:04,b'RT @JaspreetTravels: Left a cloudy California to come back to sunny Chicago \xe2\x98\x80\xef\xb8\x8f \xe2\x9c\x88\xef\xb8\x8f \n\n#beingunited #unitedairlines #weareunited #unitedjourne\xe2\x80\xa6'
2018-05-31 22:08:12,"b""@united I'll thank you when you make the refund #UnitedAirlines #unitedairlinescustomerservice"""
2018-05-31 21:48:20,b'Back at O\xe2\x80\x99Hare in time to go to improv class tonight \xe2\x9c\x88\xef\xb8\x8f \n\n#beingunited #unitedairlines https://t.co/XWYIXQVS52'
2018-05-31 21:41:57,"b'#unitedairlines delays flight UA1567 from Mexico City to IAD for more than 3 hours, makes me lose a train from D.C.\xe2\x80\xa6 https://t.co/kBFVy08PxN'"
2018-05-31 21:39:37,"b""Gotta say #UnitedAirlines, your in flight #WIFI stinks. As I'm about the only passenger awake you'd think it'd be f\xe2\x80\xa6 https://t.co/rkytObwmvU"""
2018-05-31 21:36:05,b'@united @EWRairport How about refunding your customers when you delay your flights because not having enough crew f\xe2\x80\xa6 https://t.co/pcG4Dhj7gD'
2018-05-31 21:32:39,b'Left a cloudy California to come back to sunny Chicago \xe2\x98\x80\xef\xb8\x8f \xe2\x9c\x88\xef\xb8\x8f \n\n#beingunited #unitedairlines #weareunited\xe2\x80\xa6 https://t.co/k8ENhHgMuB'
2018-05-31 21:19:53,b'omg did I ever fill this out how could I have chosen all of these are correct literally wat. #unitedairlines\xe2\x80\xa6 https://t.co/8Pm8BcE72U'
2018-05-31 19:51:20,b'RT @Humorcoming: #TravelAgentMall #USA #Canada #SuperAgent #WholesalesAirTicket #GroupAirTickets #LowCostAirTicket #ExpressJetAirlines #Jet\xe2\x80\xa6'
2018-05-31 19:39:45,"b""Thank you Antonio Carrasco and Tamara ( at gate 88) for your extra help today with my dad's United Airline flight.\xe2\x80\xa6 https://t.co/srkGgeFKEk"""
2018-05-31 19:18:52,"b""#unitedairlines added a $201 charge to a recent trip. No reason. Impossible to get through #unitedairlines ' phone\xe2\x80\xa6 https://t.co/ydYsL1xBsy"""
2018-05-31 19:17:32,b'RT @NatalieMitchXO: Airport time! See all of you beautiful souls in a week xoxo \xf0\x9f\x98\x98 @ChatTimeNow #Airport #bye #unitedairlines #unitedair #Fi\xe2\x80\xa6'
2018-05-31 18:38:38,b'Work today has a slightly better view than the usual view from my cubicle \xf0\x9f\x98\x89 \xe2\x9c\x88\xef\xb8\x8f \n\nAlways love seeing stunning views\xe2\x80\xa6 https://t.co/Hvs22XhAQt'
2018-05-31 18:00:14,b'RT @TrendChat247: The 9th most played episode features @xXBritneyStarXx! Check out the 100th episode next week on June 7th! \nhttps://t.co/H\xe2\x80\xa6'
2018-05-31 18:00:11,b'RT @BL_Bledsoe: The 9th most played episode features @xXBritneyStarXx! Check out the 100th episode next week on June 7th!\n \nEp. 20 - April\xe2\x80\xa6'
2018-05-31 17:20:47,b'RT @Humorcoming: #TravelAgentMall #USA #Canada #SuperAgent #WholesalesAirTicket #GroupAirTickets #LowCostAirTicket #ExpressJetAirlines #Jet\xe2\x80\xa6'
2018-05-31 16:06:39,"b'@united We haven\'t departed, we are sitting on the tarmac for ""up to another hour."" Is this to pad your on time num\xe2\x80\xa6 https://t.co/RSDdx8HwNl'"
2018-05-31 16:05:39,"b'RT @AvGeek71: This United Airlines August, 1985 timetable included both domestic U.S. and international route maps. Chicago and San Francis\xe2\x80\xa6'"
2018-05-31 16:00:32,"b'This United Airlines August, 1985 timetable included both domestic U.S. and international route maps. Chicago and S\xe2\x80\xa6 https://t.co/h5VCvaCvdK'"
2018-05-31 15:29:07,"b""I've never felt safer getting on a plane knowing that this is our Pilot! Thank you @united for this awesome memory\xe2\x80\xa6 https://t.co/HpkD6zrNEC"""
2018-05-31 15:17:58,b'RT @ChatTimeNow: RT @NatalieMitchXO Airport time! See all of you beautiful souls in a week xoxo \xf0\x9f\x98\x98 @ChatTimeNow #Airport #bye #unitedairline\xe2\x80\xa6'
2018-05-31 15:10:20,b'Did you know that people could still smoke on flights up until 2000? Thanks #UnitedAirlines for being the pilot to\xe2\x80\xa6 https://t.co/8SzmL9Cinm'
2018-05-31 15:07:26,b'RT @Humorcoming: #TravelAgentMall #USA #Canada #SuperAgent #WholesalesAirTicket #GroupAirTickets #LowCostAirTicket #ExpressJetAirlines #Jet\xe2\x80\xa6'
2018-05-31 15:04:20,"b'May 31, 2018: the last time I will ever fly @united. As an anesthesia provider, I check my machine every morning an\xe2\x80\xa6 https://t.co/YIhCDpexMO'"
2018-05-31 14:37:22,b'RT @Humorcoming: #TravelAgentMall #USA #Canada #SuperAgent #WholesalesAirTicket #GroupAirTickets #LowCostAirTicket #ExpressJetAirlines #Jet\xe2\x80\xa6'
2018-05-31 14:10:55,"b'RT @UnitedFlyerHD: United B737-9 Max at Houston Hobby a few weeks ago. United now has 5 of them, and begin revenue service in about a week.\xe2\x80\xa6'"
2018-05-31 13:52:54,b'RT @Humorcoming: #TravelAgentMall #USA #Canada #SuperAgent #WholesalesAirTicket #GroupAirTickets #LowCostAirTicket #ExpressJetAirlines #Jet\xe2\x80\xa6'
2018-05-31 13:14:58,"b'#ABC\'s swift action on @therealroseanne shows companies ""learning from recent #PR stumbles by the likes of\xe2\x80\xa6 https://t.co/b7jpmIvdb3'"
2018-05-31 13:09:00,b'vintage United Airlines Future Pilot metal pin 1960s https://t.co/cSUrWSqBGo #travelcollectible #etsy\xe2\x80\xa6 https://t.co/DeFuikibDV'
2018-05-31 12:55:46,b'RT @Humorcoming: #TravelAgentMall #USA #Canada #SuperAgent #WholesalesAirTicket #GroupAirTickets #LowCostAirTicket #ExpressJetAirlines #Jet\xe2\x80\xa6'
2018-05-31 12:48:11,b'Breakfast time...yum! Enjoying my flight @united. Nap time after filling my tummy. #unitedairlines #firstclasslife\xe2\x80\xa6 https://t.co/XVs2NbEG8M'
2018-05-31 12:10:18,"b'Literally, I don\xe2\x80\x99t have how to express being in airport for 24 hr. Yet 9 more hrs to go #unitedairlines'"
2018-05-31 11:52:50,b'RT @Humorcoming: #TravelAgentMall #USA #Canada #SuperAgent #WholesalesAirTicket #GroupAirTickets #LowCostAirTicket #ExpressJetAirlines #Jet\xe2\x80\xa6'
2018-05-31 11:28:43,b'@evelinruns @Fly_Norwegian Good luck. I did the same with #UnitedAirlines for them to acknowledge it is an admissio\xe2\x80\xa6 https://t.co/SNoznGTQ6Y'
2018-05-31 11:05:38,b'RT @Humorcoming: #TravelAgentMall #USA #Canada #SuperAgent #WholesalesAirTicket #GroupAirTickets #LowCostAirTicket #ExpressJetAirlines #Jet\xe2\x80\xa6'
2018-05-31 11:01:52,"b'RT @UnitedFlyerHD: United B737-9 Max at Houston Hobby a few weeks ago. United now has 5 of them, and begin revenue service in about a week.\xe2\x80\xa6'"
2018-05-31 10:34:19,b'RT @Humorcoming: #TravelAgentMall #USA #Canada #SuperAgent #WholesalesAirTicket #GroupAirTickets #LowCostAirTicket #ExpressJetAirlines #Jet\xe2\x80\xa6'
2018-05-31 10:12:56,b'RT @Humorcoming: #TravelAgentMall #USA #Canada #SuperAgent #WholesalesAirTicket #GroupAirTickets #LowCostAirTicket #ExpressJetAirlines #Jet\xe2\x80\xa6'
2018-05-31 10:09:01,"b'@united  when not serving a passenger directly, even multiple passengers... just command, ""pass this over"" which is\xe2\x80\xa6 https://t.co/aZ78ZiNHlo'"
2018-05-31 10:07:24,b'RT @Humorcoming: #TravelAgentMall #USA #Canada #SuperAgent #WholesalesAirTicket #GroupAirTickets #LowCostAirTicket #ExpressJetAirlines #Jet\xe2\x80\xa6'
2018-05-31 10:06:57,b'RT @Humorcoming: #TravelAgentMall #USA #Canada #SuperAgent #WholesalesAirTicket #GroupAirTickets #LowCostAirTicket #ExpressJetAirlines #Jet\xe2\x80\xa6'
2018-05-31 10:06:12,b'RT @Humorcoming: #TravelAgentMall #USA #Canada #SuperAgent #WholesalesAirTicket #GroupAirTickets #LowCostAirTicket #ExpressJetAirlines #Jet\xe2\x80\xa6'
2018-05-31 10:06:10,"b""@united it just doesn't stop! passenger asked the flight attendant for a glass of water, the flight attendant while\xe2\x80\xa6 https://t.co/0c3C05UKLd"""
2018-05-31 09:41:19,"b'RT @UnitedFlyerHD: United B737-9 Max at Houston Hobby a few weeks ago. United now has 5 of them, and begin revenue service in about a week.\xe2\x80\xa6'"
2018-05-31 09:26:54,b'RT @Humorcoming: #TravelAgentMall #USA #Canada #SuperAgent #WholesalesAirTicket #GroupAirTickets #LowCostAirTicket #ExpressJetAirlines #Jet\xe2\x80\xa6'
2018-05-31 09:15:12,b'RT @Humorcoming: #TravelAgentMall #USA #Canada #SuperAgent #WholesalesAirTicket #GroupAirTickets #LowCostAirTicket #ExpressJetAirlines #Jet\xe2\x80\xa6'
2018-05-31 09:08:47,b'RT @Humorcoming: #TravelAgentMall #USA #Canada #SuperAgent #WholesalesAirTicket #GroupAirTickets #LowCostAirTicket #ExpressJetAirlines #Jet\xe2\x80\xa6'
2018-05-31 08:58:07,b'RT @Humorcoming: #TravelAgentMall #USA #Canada #SuperAgent #WholesalesAirTicket #GroupAirTickets #LowCostAirTicket #ExpressJetAirlines #Jet\xe2\x80\xa6'
2018-05-31 06:39:38,b'RT @Humorcoming: #TravelAgentMall #USA #Canada #SuperAgent #WholesalesAirTicket #GroupAirTickets #LowCostAirTicket #ExpressJetAirlines #Jet\xe2\x80\xa6'
2018-05-31 06:38:12,b'Thanks @united-airlines #UnitedAirlines . Nothing like a 5hr flight then have to sit on the runway for over 35 mins\xe2\x80\xa6 https://t.co/KtwI4CCB6e'
2018-05-31 06:32:38,b'RT @Humorcoming: #TravelAgentMall #USA #Canada #SuperAgent #WholesalesAirTicket #GroupAirTickets #LowCostAirTicket #ExpressJetAirlines #Jet\xe2\x80\xa6'
2018-05-31 06:24:47,b'RT @Humorcoming: #TravelAgentMall #USA #Canada #SuperAgent #WholesalesAirTicket #GroupAirTickets #LowCostAirTicket #ExpressJetAirlines #Jet\xe2\x80\xa6'
2018-05-31 06:23:45,"b""After 8 hrs of delays 1st NY then Chicago, I've finally landed. But oh wait there's another plane at the gate.\xe2\x80\xa6 https://t.co/VTci5Rg8rI"""
2018-05-31 06:20:23,b'RT @Humorcoming: #TravelAgentMall #USA #Canada #SuperAgent #WholesalesAirTicket #GroupAirTickets #LowCostAirTicket #ExpressJetAirlines #Jet\xe2\x80\xa6'
2018-05-31 06:18:55,b'RT @Humorcoming: #TravelAgentMall #USA #Canada #SuperAgent #WholesalesAirTicket #GroupAirTickets #LowCostAirTicket #ExpressJetAirlines #Jet\xe2\x80\xa6'
2018-05-31 05:32:22,"b'So am I reading this correctly? #Delta, #AmericanAirlines and #UnitedAirlines spent 50 million of shareholder monie\xe2\x80\xa6 https://t.co/wYmu6jUccK'"
2018-05-31 05:09:17,b'RT @Humorcoming: #TravelAgentMall #USA #Canada #SuperAgent #WholesalesAirTicket #GroupAirTickets #LowCostAirTicket #ExpressJetAirlines #Jet\xe2\x80\xa6'
2018-05-31 04:57:23,b'RT @Humorcoming: #TravelAgentMall #USA #Canada #SuperAgent #WholesalesAirTicket #GroupAirTickets #LowCostAirTicket #ExpressJetAirlines #Jet\xe2\x80\xa6'
2018-05-31 04:55:47,b'RT @Humorcoming: #TravelAgentMall #USA #Canada #SuperAgent #WholesalesAirTicket #GroupAirTickets #LowCostAirTicket #ExpressJetAirlines #Jet\xe2\x80\xa6'
2018-05-31 04:42:51,b'RT @Humorcoming: #TravelAgentMall #USA #Canada #SuperAgent #WholesalesAirTicket #GroupAirTickets #LowCostAirTicket #ExpressJetAirlines #Jet\xe2\x80\xa6'
2018-05-31 04:24:08,b'RT @Humorcoming: #TravelAgentMall #USA #Canada #SuperAgent #WholesalesAirTicket #GroupAirTickets #LowCostAirTicket #ExpressJetAirlines #Jet\xe2\x80\xa6'
2018-05-31 04:21:47,b'RT @Humorcoming: #TravelAgentMall #USA #Canada #SuperAgent #WholesalesAirTicket #GroupAirTickets #LowCostAirTicket #ExpressJetAirlines #Jet\xe2\x80\xa6'
2018-05-31 04:14:50,"b""Go kick ass and #UnitedAirlines stuff it\xe2\x80\x94it's a dog is not forget to the markets #PointBreak the petition, a single-purpose"""
2018-05-31 04:04:12,"b'RT @UnitedFlyerHD: United B737-9 Max at Houston Hobby a few weeks ago. United now has 5 of them, and begin revenue service in about a week.\xe2\x80\xa6'"
2018-05-31 03:47:39,b'RT @Humorcoming: #TravelAgentMall #USA #Canada #SuperAgent #WholesalesAirTicket #GroupAirTickets #LowCostAirTicket #ExpressJetAirlines #Jet\xe2\x80\xa6'
2018-05-31 03:36:21,"b'RT @UnitedFlyerHD: United B737-9 Max at Houston Hobby a few weeks ago. United now has 5 of them, and begin revenue service in about a week.\xe2\x80\xa6'"
2018-05-31 03:29:04,"b'RT @UnitedFlyerHD: United B737-9 Max at Houston Hobby a few weeks ago. United now has 5 of them, and begin revenue service in about a week.\xe2\x80\xa6'"
2018-05-31 03:12:04,"b'RT @UnitedFlyerHD: United B737-9 Max at Houston Hobby a few weeks ago. United now has 5 of them, and begin revenue service in about a week.\xe2\x80\xa6'"
2018-05-31 03:09:09,"b'RT @UnitedFlyerHD: United B737-9 Max at Houston Hobby a few weeks ago. United now has 5 of them, and begin revenue service in about a week.\xe2\x80\xa6'"
2018-05-31 02:55:36,b'RT @Humorcoming: #TravelAgentMall #USA #Canada #SuperAgent #WholesalesAirTicket #GroupAirTickets #LowCostAirTicket #ExpressJetAirlines #Jet\xe2\x80\xa6'
2018-05-31 02:55:04,"b'United B737-9 Max at Houston Hobby a few weeks ago. United now has 5 of them, and begin revenue service in about a\xe2\x80\xa6 https://t.co/0RWGyher3Z'"
2018-05-31 02:46:31,"b""RT @skygoflycom: United Star Alliance 'Queen' #unitedairlines #boeing #747 #queenoftheskies #planespotting #dontgo https://t.co/2THoOMtay3\xe2\x80\xa6"""
2018-05-31 02:45:22,"b""United Star Alliance 'Queen' #unitedairlines #boeing #747 #queenoftheskies #planespotting #dontgo\xe2\x80\xa6 https://t.co/C8PgT6x6Nr"""
2018-05-31 02:43:09,b'RT @Humorcoming: #TravelAgentMall #USA #Canada #SuperAgent #WholesalesAirTicket #GroupAirTickets #LowCostAirTicket #ExpressJetAirlines #Jet\xe2\x80\xa6'
2018-05-31 02:40:07,b'@united @united Delayed yet again while sitting on the plane. I wish customers had these many chances to board when\xe2\x80\xa6 https://t.co/3EElgjLpAO'
2018-05-31 02:21:17,b'Description at Newark bar: \xe2\x80\x9cFIVE shrimp in tempura batter..\xe2\x80\x9d they look large and delicious. I GOT 30 popcorn shrimp\xe2\x80\xa6 https://t.co/t4qg9Xoqxx'
2018-05-31 02:17:22,b'RT @Humorcoming: #TravelAgentMall #USA #Canada #SuperAgent #WholesalesAirTicket #GroupAirTickets #LowCostAirTicket #ExpressJetAirlines #Jet\xe2\x80\xa6'
2018-05-31 01:48:34,"b""The last 3 or 4 @united flights I've taken have been late. I'm not sure why I even bother showing up on time. #unitedairlines #United"""
2018-05-31 01:43:32,b'RT @Humorcoming: #TravelAgentMall #USA #Canada #SuperAgent #WholesalesAirTicket #GroupAirTickets #LowCostAirTicket #ExpressJetAirlines #Jet\xe2\x80\xa6'
2018-05-31 01:32:07,"b'@united Delayed twice today at Newark, first for no apparent reason, now because we are waiting for a second pilot.\xe2\x80\xa6 https://t.co/b1Mv21AAIy'"
2018-05-31 01:12:16,b'RT @lizzibooonetsy: vintage United Airlines Future Pilot metal pin 1960s https://t.co/cSUrWSqBGo #travelcollectible #etsy #Unitedairlines #\xe2\x80\xa6'
2018-05-31 01:09:00,b'vintage United Airlines Future Pilot metal pin 1960s https://t.co/cSUrWSqBGo #travelcollectible #etsy\xe2\x80\xa6 https://t.co/ImLruLvTPF'
2018-05-31 00:55:32,b'RT @Humorcoming: #TravelAgentMall #USA #Canada #SuperAgent #WholesalesAirTicket #GroupAirTickets #LowCostAirTicket #ExpressJetAirlines #Jet\xe2\x80\xa6'
2018-05-31 00:53:42,b'RT @Humorcoming: #TravelAgentMall #USA #Canada #SuperAgent #WholesalesAirTicket #GroupAirTickets #LowCostAirTicket #ExpressJetAirlines #Jet\xe2\x80\xa6'
2018-05-31 00:50:59,b'RT @Humorcoming: #TravelAgentMall #USA #Canada #SuperAgent #WholesalesAirTicket #GroupAirTickets #LowCostAirTicket #ExpressJetAirlines #Jet\xe2\x80\xa6'
2018-05-31 00:21:56,b'RT @Humorcoming: #TravelAgentMall #USA #Canada #SuperAgent #WholesalesAirTicket #GroupAirTickets #LowCostAirTicket #ExpressJetAirlines #Jet\xe2\x80\xa6'
2018-05-30 23:20:54,b'#unitedAIRLINES if there is anyone that was on the 7:00pm flight from Chicago To Hartford Sunday contact me @klockwerkent@gmail.com'
2018-05-30 22:42:45,b'RT @Humorcoming: #TravelAgentMall #USA #Canada #SuperAgent #WholesalesAirTicket #GroupAirTickets #LowCostAirTicket #ExpressJetAirlines #Jet\xe2\x80\xa6'
2018-05-30 22:42:20,b'@united Thanks for the 3 hr. cancellation notice on UA580. We now have to drive 16 hours to make our appointment. S\xe2\x80\xa6 https://t.co/w8Xha1k592'
2018-05-30 22:25:08,b'Sitting at the airport gate for over an hour while \xe2\x80\x9csomeone\xe2\x80\x9d figures out how to fuel this jet .. nice work United\xe2\x80\xa6 https://t.co/vaUGHRvT8Y'
2018-05-30 22:08:57,b'RT @mullisjr: #unitedairlines My Military Spouse was humiliated &amp; left in tears when she asked for a free checked bag at your Minot termina\xe2\x80\xa6'
2018-05-30 21:20:47,b'It will take an act of God for my connection to Lisbon to work out tonight #UnitedAirlines'
2018-05-30 20:04:48,"b'#UnitedAirlines doesn\'t believe their black/brown/immigrant kitchen employees ""understand"" what they\'re agreeing to\xe2\x80\xa6 https://t.co/0ca9k4JWC8'"
2018-05-30 19:20:32,b'RT @Humorcoming: #TravelAgentMall #USA #Canada #SuperAgent #WholesalesAirTicket #GroupAirTickets #LowCostAirTicket #ExpressJetAirlines #Jet\xe2\x80\xa6'
2018-05-30 18:59:58,b'RT @Humorcoming: #TravelAgentMall #USA #Canada #SuperAgent #WholesalesAirTicket #GroupAirTickets #LowCostAirTicket #ExpressJetAirlines #Jet\xe2\x80\xa6'
2018-05-30 18:03:03,b'#TravelAgentMall #USA #Canada #SuperAgent #WholesalesAirTicket #GroupAirTickets #LowCostAirTicket\xe2\x80\xa6 https://t.co/Qelh6t8d88'
2018-05-30 17:19:36,"b'Greenland from 34,000 ft (or something like that). On the way back from the U.K. We flew past the southern tip of G\xe2\x80\xa6 https://t.co/ZuGbYtJwOL'"
2018-05-30 17:07:00,b'RT @TrendChat247: The 9th most played episode features @xXBritneyStarXx! Check out the 100th episode next week on June 7th! \nhttps://t.co/H\xe2\x80\xa6'
2018-05-30 17:06:35,b'The 9th most played episode features @xXBritneyStarXx! Check out the 100th episode next week on June 7th!\n \nEp. 20\xe2\x80\xa6 https://t.co/lu9nsaYwzx'
2018-05-30 17:05:01,b'The 9th most played episode features @xXBritneyStarXx! Check out the 100th episode next week on June 7th!\xe2\x80\xa6 https://t.co/7omxn5UeJ7'
2018-05-30 16:58:21,b'RT @ChatTimeNow: RT @NatalieMitchXO Airport time! See all of you beautiful souls in a week xoxo \xf0\x9f\x98\x98 @ChatTimeNow #Airport #bye #unitedairline\xe2\x80\xa6'
2018-05-30 16:58:09,b'United Airlines Announces $8 Million To Boost Eight Hub Communities https://t.co/Ja1pQdBTlj #UnitedAirlines'
2018-05-30 16:49:55,b'RT @NatalieMitchXO Airport time! See all of you beautiful souls in a week xoxo \xf0\x9f\x98\x98 @ChatTimeNow #Airport #bye\xe2\x80\xa6 https://t.co/QxL7MpzNnF'
2018-05-30 15:47:17,b'New United Airlines Polaris lounge in Newark is spectacular!!! #United #polarislounge #unitedairlines'
2018-05-30 15:34:44,"b'After a year of dragging people off planes and suffocating a pet, I guess you get banished to ""The rest"" grouping.\xe2\x80\xa6 https://t.co/ZFtXP7v3AX'"
2018-05-30 15:07:15,b'RT @TrailblzrHAWAII: Call your airline and book it. https://t.co/B9cgQdXLBV @HawaiiBigIsland #AlaskaAir #HawaiianAirlines #UnitedAirlines #\xe2\x80\xa6'
2018-05-30 14:53:14,b'@united @united Hopefully you don\xe2\x80\x99t lose them too. Look forward to hearing all the places my bag saw without me\xe2\x80\xa6 https://t.co/15HR5szy3e'
2018-05-30 14:42:44,b'@united Still tracing means lost. And now I\xe2\x80\x99m losing time by having to replace my clothes and toiletries  out of po\xe2\x80\xa6 https://t.co/vSyBSbxVJE'
2018-05-30 14:23:22,b'RT @Stupidosaur: @CAKothari123 @UdanKhatolaa Can anyone get more official info about this plane accident? \n#Chemtrails\n#UnitedAirlines\n#Exp\xe2\x80\xa6'
2018-05-30 14:23:03,b'@CAKothari123 @UdanKhatolaa Can anyone get more official info about this plane accident? \n#Chemtrails\xe2\x80\xa6 https://t.co/4zqTxiCyA3'
2018-05-30 14:12:21,b'Thank you #unitedairlines for the high calorie gift. Good luck for edi/iad. https://t.co/ZmntHsgb3D'
2018-05-30 14:07:22,b'Special Olympic #SOLIMITLESS #HornerPark #Volunteer #UnitedAirlines https://t.co/wkb2hw0jVP'
2018-05-30 14:00:00,"b""A man is suing #UnitedAirlines for failing to heed an on-board physician's recommendation that the plane be diverte\xe2\x80\xa6 https://t.co/8NpuiXstTD"""
2018-05-30 13:59:03,b'RT @AeroChapter: #UnitedAirlines 767-300ER reported engine failure soon after takeoff and returned to Franz Josef Strauss Airport https://t\xe2\x80\xa6'
2018-05-30 13:43:56,b'@twicetheMF @exitrow4thetall Of course #UnitedAirlines'
2018-05-30 13:40:28,b'#UnitedAirlines 767-300ER reported engine failure soon after takeoff and returned to Franz Josef Strauss Airport https://t.co/6ZbFJLAWrL'
2018-05-30 13:09:00,b'vintage United Airlines Future Pilot metal pin 1960s https://t.co/cSUrWSIcxW #travelcollectible #etsy\xe2\x80\xa6 https://t.co/gxl9AoA3VC'
2018-05-30 12:17:35,"b""RT @dailycoinnews34: Blockchain Will Be Adopted by Every Bank: 'Catch Me If You Can' Forger-Turned-FBI Consultant #bitcoin #bitcoinaccount\xe2\x80\xa6"""
2018-05-30 11:14:15,"b""Singapore Airlines to launch world's longest commercial flight in October \n#singaporeairlines #airlines\xe2\x80\xa6 https://t.co/3rLXLabjUY"""
2018-05-30 10:39:10,b'Airport time! See all of you beautiful souls in a week xoxo \xf0\x9f\x98\x98 @ChatTimeNow #Airport #bye #unitedairlines #unitedair\xe2\x80\xa6 https://t.co/4xCY78APoj'
2018-05-30 09:56:20,"b'First time flying #unitedairlines in a while and our flight is 4 hours delayed...oh no baby, what is you doing? \xf0\x9f\x98\xab'"
2018-05-30 05:04:35,b'Finally landed in Nashville 2 hours late from a direct flight in from Newark.  Waited an hour for pilot after alrea\xe2\x80\xa6 https://t.co/Mt66jy8kbz'
2018-05-30 04:24:25,b'#unitedairlines forced me to buy a $561 ticket for my 7 month old at the gate of my taxiing flight abroad after I c\xe2\x80\xa6 https://t.co/IzyCXSP4pC'
2018-05-30 03:26:38,b'RT @SuperFutureDJ: Hey attention all traveling artists using @united airlines ... they WON\xe2\x80\x99T tell you anywhere in the process of changing a\xe2\x80\xa6'
2018-05-30 03:10:38,"b'When you see great airfare, you do what you have to do. @united #travel #unitedairlines'"
2018-05-30 03:09:50,b'Useless airplane habits: putting your seat at a 90 degree angle after you put it at a 95 degree angle during the fl\xe2\x80\xa6 https://t.co/PFSUuJRKv9'
2018-05-30 02:43:48,b'@united airlines does it again! These guys are so consistent in their service. Consistently Pathetic!\xe2\x80\xa6 https://t.co/g9WPndyTSl'
2018-05-30 01:49:44,b'#AmericanAirlines- tonight I got to sit next to TWO guys who should\xe2\x80\x99ve had to purchase two seats!  keep up the grea\xe2\x80\xa6 https://t.co/hBirAWxU6u'
2018-05-30 01:37:05,b'RT @TrailblzrHAWAII: Call your airline and book it. https://t.co/B9cgQdXLBV @HawaiiBigIsland #AlaskaAir #HawaiianAirlines #UnitedAirlines #\xe2\x80\xa6'
2018-05-30 00:50:39,"b'Like to give a shout out to United Airlines twitter staff for helping out with reservation today, good customer ser\xe2\x80\xa6 https://t.co/357VD9PFeM'"
2018-05-30 00:22:12,b'RT @SuperFutureDJ: Hey attention all traveling artists using @united airlines ... they WON\xe2\x80\x99T tell you anywhere in the process of changing a\xe2\x80\xa6'
2018-05-30 00:21:53,"b'I\xe2\x80\x99ve been in 7 countries, using 7 airlines, in 7 days \xe2\x80\x94 and have had 0 issues until @united. Unreal. 3\nseparate emp\xe2\x80\xa6 https://t.co/70r8zNw4KJ'"
2018-05-30 00:18:02,b'Hey attention all traveling artists using @united airlines ... they WON\xe2\x80\x99T tell you anywhere in the process of chang\xe2\x80\xa6 https://t.co/YU17ynsUmE'
2018-05-29 23:57:06,b'This WiFi up in the air faster than my unlimited internet with my phone company. #UnitedAirlines'
2018-05-29 23:55:04,b'The amount of movies to choose from and the dinner options...so good. Can\xe2\x80\x99t remember the last time I had a meal on\xe2\x80\xa6 https://t.co/Ln35nOfAKM'
2018-05-29 23:52:56,b'The free wine thoooo #UnitedAirlines'
2018-05-29 23:52:18,b'Shoutout to United Airlines. First of all these economy plus seats are EVERYTHING #UnitedAirlines'
2018-05-29 22:54:59,b'I just flew from Denver to Orlando first class on #UnitedAirlines. They served us Cheerios for breakfast and bleepe\xe2\x80\xa6 https://t.co/2FIRvlRtXi'
2018-05-29 21:47:12,b'Flight attendant on @united flight #1973 From @iah to @sfo  just handed me this. Must say it\xe2\x80\x99s a first and very kin\xe2\x80\xa6 https://t.co/9kQcaxqEQP'
2018-05-29 21:25:52,b'RT @awardtravelcom: 6 days in Hawaii under $183 USD??? Is it even possible?? \xf0\x9f\x98\xaf\xf0\x9f\x98\xaf\xf0\x9f\x98\xaf \n\nLet\xe2\x80\x99s see how @itravelfreely gets to stay lux without me\xe2\x80\xa6'
2018-05-29 20:26:01,b'Apparently a 10 minute delay flying with @united means an hour and a half ground delay... so much for that half day\xe2\x80\xa6 https://t.co/ldQdqWly44'
2018-05-29 20:10:12,"b'Is There a Doctor on the Plane? Increasingly, Airlines Hope Not - Bloomberg\n#UnitedAirlines https://t.co/R8yJXlvL3f'"
2018-05-29 19:41:08,"b""Blockchain Will Be Adopted by Every Bank: 'Catch Me If You Can' Forger-Turned-FBI Consultant #bitcoin\xe2\x80\xa6 https://t.co/Q70mJZa9eO"""
2018-05-29 19:37:33,b'RT @M_Star_Online: United Airlines food workers want a union and safe passenger meals https://t.co/eZW3naRECk #US #WorkersRights #UnitedAir\xe2\x80\xa6'
2018-05-29 19:32:17,b'What a flight on #869! Replacing plane 3 hrs. Replacement crew 3 hrs. Replacing food 3hrs :( Total 9 hrs delay. Kud\xe2\x80\xa6 https://t.co/5H54wk2nNw'
2018-05-29 19:21:57,b'United Airlines will serve its passengers with egg and chicken chorizo tacos for breakfast and barbecue chicken san\xe2\x80\xa6 https://t.co/UXawaRJISF'
2018-05-29 19:21:24,"b""RT @deniseleeyohn: the recent #UnitedAirlines  incidents don't reflect a competence deficit at the airline; they reveal a culture problem:\xe2\x80\xa6"""
2018-05-29 19:15:23,"b""the recent #UnitedAirlines  incidents don't reflect a competence deficit at the airline; they reveal a culture prob\xe2\x80\xa6 https://t.co/xLjvNuk8Dy"""
2018-05-29 18:37:43,b'RT @M_Star_Online: United Airlines food workers want a union and safe passenger meals https://t.co/eZW3naRECk #US #WorkersRights #UnitedAir\xe2\x80\xa6'
2018-05-29 18:35:07,"b'This is not reassuring, airlines! #UnitedAirlines #AmericanAirlines #DeltaAirLines #southwestairlines\xe2\x80\xa6 https://t.co/qE8PEQJ4Wz'"
2018-05-29 18:16:13,b'#unitedairlines My Military Spouse was humiliated &amp; left in tears when she asked for a free checked bag at your Min\xe2\x80\xa6 https://t.co/6UjjRVooUu'
2018-05-29 18:07:02,"b'Maury Povich Show on the TV in the #UnitedClub at #ORD.  Stay classy, #UnitedAirlines.'"
2018-05-29 17:33:48,b'RT @M_Star_Online: United Airlines food workers want a union and safe passenger meals https://t.co/eZW3naRECk #US #WorkersRights #UnitedAir\xe2\x80\xa6'
2018-05-29 17:32:12,"b""The worst airline for tall people. I am only 6'3 and I felt extremely miserable in the economy class. Absolutely no\xe2\x80\xa6 https://t.co/cyWNT9vfmY"""
2018-05-29 17:22:10,b'RT @TrailblzrHAWAII: Call your airline and book it. https://t.co/B9cgQdXLBV @HawaiiBigIsland #AlaskaAir #HawaiianAirlines #UnitedAirlines #\xe2\x80\xa6'
2018-05-29 17:05:29,b'RT @M_Star_Online: United Airlines food workers want a union and safe passenger meals https://t.co/eZW3naRECk #US #WorkersRights #UnitedAir\xe2\x80\xa6'
2018-05-29 16:56:33,"b'On the run, @united employees helping #flameofhope begin its journey. Thank you #UnitedAirlines for your support an\xe2\x80\xa6 https://t.co/3zXRETwX6M'"
2018-05-29 16:48:27,b'RT @M_Star_Online: United Airlines food workers want a union and safe passenger meals https://t.co/eZW3naRECk #US #WorkersRights #UnitedAir\xe2\x80\xa6'
2018-05-29 16:47:26,b'RT @M_Star_Online: United Airlines food workers want a union and safe passenger meals https://t.co/eZW3naRECk #US #WorkersRights #UnitedAir\xe2\x80\xa6'
2018-05-29 16:45:06,b'United Airlines food workers want a union and safe passenger meals https://t.co/eZW3naRECk #US #WorkersRights #UnitedAirlines @unitehere'
2018-05-29 15:59:39,"b'Is there a doctor on the plane? Increasingly, #airlines hope not https://t.co/IwwyLLPfT4 @IvanLevingston @Smerelman\xe2\x80\xa6 https://t.co/qRrSxFiHAp'"
2018-05-29 15:10:11,b'RT @awardtravelcom: 6 days in Hawaii under $183 USD??? Is it even possible?? \xf0\x9f\x98\xaf\xf0\x9f\x98\xaf\xf0\x9f\x98\xaf \n\nLet\xe2\x80\x99s see how @itravelfreely gets to stay lux without me\xe2\x80\xa6'
2018-05-29 15:08:37,b'RT @awardtravelcom: 6 days in Hawaii under $183 USD??? Is it even possible?? \xf0\x9f\x98\xaf\xf0\x9f\x98\xaf\xf0\x9f\x98\xaf \n\nLet\xe2\x80\x99s see how @itravelfreely gets to stay lux without me\xe2\x80\xa6'
2018-05-29 15:01:12,b'6 days in Hawaii under $183 USD??? Is it even possible?? \xf0\x9f\x98\xaf\xf0\x9f\x98\xaf\xf0\x9f\x98\xaf \n\nLet\xe2\x80\x99s see how @itravelfreely gets to stay lux withou\xe2\x80\xa6 https://t.co/mWiQR6yZnF'
2018-05-29 14:49:37,b'United Airlines https://t.co/CglEY2XskY via @YouTube #unitedAIRLINES'
2018-05-29 14:20:04,b'RT @pointswithQ: Putting a Hawaii trip together? Consider using Singapore Airlines to book your award flight. https://t.co/RUfF5ZWxz5 | #si\xe2\x80\xa6'
2018-05-29 13:04:50,b'Putting a Hawaii trip together? Consider using Singapore Airlines to book your award flight.\xe2\x80\xa6 https://t.co/BkYyxiNjIE'
2018-05-29 12:27:26,b'RT @CoryBMorgan: In my business if I charge customers for a product I dont have its called fraud Why is overbooking on airlines an exceptio\xe2\x80\xa6'
2018-05-29 11:04:54,b'Vacation and exploring the beautiful cities of Scotland has become increasingly accessible to neighboring countries\xe2\x80\xa6 https://t.co/tLZVvLqF1r'
2018-05-29 10:20:57,"b""RT @skygoflycom: United Star Alliance 'Queen' #unitedairlines #boeing #747 #queenoftheskies #planespotting #dontgo https://t.co/2THoOMtay3\xe2\x80\xa6"""
2018-05-29 09:19:35,b'RT @LimaSierraPhoto: The brand new @united @BoeingAirplanes 737 MAX 9 making its debut at @iah! \n\nPrecisely tracked in via @flightradar24.\xe2\x80\xa6'
2018-05-29 08:58:09,b'Blockchain Will Be Adopted by Every Bank: \xe2\x80\x98Catch Me If You Can\xe2\x80\x99 Forger-Turned-FBI Consultant #fbi #catchmeifyoucan\xe2\x80\xa6 https://t.co/lcZycN1hVK'
2018-05-29 07:01:41,"b'RT @FarrahDahl: You lied to me @united &amp; hurt me w robot games. However, I have the resilience of rubber bands, wasp-like tenacity and way\xe2\x80\xa6'"
2018-05-29 06:57:33,b'#BoutiqueAir and #unitedAIRLINES announce #codesharing\n\nRead this #article as well as other #GeneralAviation #news\xe2\x80\xa6 https://t.co/snvfcwM3W8'
2018-05-29 06:35:55,b'@united what is the problem and the status of UA19 that was supposed to go from Newark to Milan instead it\xe2\x80\x99s in Hal\xe2\x80\xa6 https://t.co/OHB0h9vQap'
2018-05-29 06:10:24,b'7 Best Tweets about the #UnitedAirlines Scandal https://t.co/aQLuAEoAc1'
2018-05-29 06:05:11,"b'You lied to me @united &amp; hurt me w robot games. However, I have the resilience of rubber bands, wasp-like tenacity\xe2\x80\xa6 https://t.co/PgaIvYjdCA'"
2018-05-29 04:59:33,b'#UnitedAirlines #pilferage still waiting for my compensation'
2018-05-29 04:27:09,b'#UnitedAirlines - thanks for another  great flight into SFO.  That view.... https://t.co/9S01XIG3eL'
2018-05-29 02:20:20,b'At @iah and I just used my @united points to pay for dinner. I love technology and the flexibility #unitedAIRLINES\xe2\x80\xa6 https://t.co/KpT66xEMKL'
2018-05-29 01:39:50,b'Crossing the 405 \xe2\x9c\x88\xef\xb8\x8f\n\n#beingunited #unitedairlines https://t.co/3CDKt0UDBN'
2018-05-29 01:09:02,b'vintage United Airlines Future Pilot metal pin 1960s https://t.co/cSUrWSIcxW #travelcollectible #etsy\xe2\x80\xa6 https://t.co/4syJ02UPCY'
2018-05-29 00:59:08,"b'RT @Negeennn: Another day, another @united controversy. #UnitedAirlines'"
2018-05-29 00:54:09,b'#Abq has turned into a #UnitedAirlines  parking lot full of diverted flights including this big boy. #diverted https://t.co/Cis6oBQFyX'
2018-05-29 00:26:09,b'Went to United Air customer service @ O\xe2\x80\x99Hare. Spent an hour explaining myself to the agent and her supervisor. Afte\xe2\x80\xa6 https://t.co/Mog8z0bVjq'
2018-05-28 23:39:28,"b'#unitedAIRLINES are my bags really on flight 23 leaving for Dublin, Ireland tonight?  Not just scanned.  Are they O\xe2\x80\xa6 https://t.co/f786tBE9uT'"
2018-05-28 23:37:30,"b'@BauerOutage I flew the ""Trevor Bauer"" yesterday. @united flight 420 arriving at gate 69. Nice. #TrevorBauer\xe2\x80\xa6 https://t.co/hLtZpWpztd'"
2018-05-28 23:21:47,"b'Over 5 hours and 37 minutes wasted, because the mechanics in Vegas didn\xe2\x80\x99t know what part they needed and that the o\xe2\x80\xa6 https://t.co/hXdAM8091r'"
2018-05-28 23:04:52,b'RT @LimaSierraPhoto: The brand new @united @BoeingAirplanes 737 MAX 9 making its debut at @iah! \n\nPrecisely tracked in via @flightradar24.\xe2\x80\xa6'
2018-05-28 22:54:06,b'Blockchain Will Be Adopted by Every Bank: \xe2\x80\x98Catch...  #CatchMeIfYouCan #FBI #UnitedAirlines #ICOnews\xe2\x80\xa6 https://t.co/DSTkv13b7h'
2018-05-28 22:10:12,b'RT @UnitedFlyerHD: United B777-200ER (N786UA) short final for Washington @Dulles_Airport RWY 30\n#avgeek #Boeing #boeing777 #UnitedAirlines\xe2\x80\xa6'
2018-05-28 22:02:05,b'United Flight 258 from Charleston SC to Newark delayed 9+ hours.  Awful.  #unitedairlines'
2018-05-28 21:48:23,b'RT @LimaSierraPhoto: The brand new @united @BoeingAirplanes 737 MAX 9 making its debut at @iah! \n\nPrecisely tracked in via @flightradar24.\xe2\x80\xa6'
2018-05-28 20:50:07,b'VIDEO: Learn about the new #Polaris #BusinessClass seat product being rolled out on United Airlines in this intervi\xe2\x80\xa6 https://t.co/zWJg4sT3ht'
2018-05-28 20:23:51,b'Thanks @united for not letting us get on ANY of the earlier flights with empty seats! Miles is looking forward to s\xe2\x80\xa6 https://t.co/zqMoszZ1c1'
2018-05-28 19:59:10,"b'@MaggieGrem @united #unitedairlines and that flight attendant murdered your family member.  ""Sorry"" isn\'t good enou\xe2\x80\xa6 https://t.co/rh6WWuT5au'"
2018-05-28 19:15:09,b'We are finally boarding UA432 our 7:10AM flight to Chicago. They ordered a part from Newark and it arrived at 8:30A\xe2\x80\xa6 https://t.co/YL64yzQr4N'
2018-05-28 18:14:48,"b""RT @skygoflycom: United Star Alliance 'Queen' #unitedairlines #boeing #747 #queenoftheskies #planespotting #dontgo https://t.co/2THoOMtay3\xe2\x80\xa6"""
2018-05-28 18:14:28,"b""RT @skygoflycom: United Star Alliance 'Queen' #unitedairlines #boeing #747 #queenoftheskies #planespotting #dontgo https://t.co/2THoOMtay3\xe2\x80\xa6"""
2018-05-28 17:56:53,"b'RT @FarrahDahl: Anybody on an @united flight seated near seat 3A, please check the seat back pocket for my bag \xf0\x9f\x99\x8f #united #UnitedAirlines'"
2018-05-28 16:28:28,"b'RT @OneLuckyGirl_28: YEAR OF THE DOG\nUnited Airlines\nFounded : April 6, 1926\n28/1 Lifepath @TIGER_GG33\n\n11:11:11 - #UnitedAirlines has lite\xe2\x80\xa6'"
2018-05-28 16:18:28,b'#Washington To #Edinburgh flights Launched by #UnitedAirlines https://t.co/jix7xCPdW9'
2018-05-28 15:50:51,b'Call your airline and book it. https://t.co/B9cgQdXLBV @HawaiiBigIsland #AlaskaAir #HawaiianAirlines\xe2\x80\xa6 https://t.co/O0V8fTsuQH'
2018-05-28 15:49:57,b'RT @UnitedFlyerHD: United B777-200ER (N786UA) short final for Washington @Dulles_Airport RWY 30\n#avgeek #Boeing #boeing777 #UnitedAirlines\xe2\x80\xa6'
2018-05-28 15:41:49,b'#UnitedAirlines your ERJ175 economy seats are terrible.'
2018-05-28 15:25:44,b'RT @UnitedFlyerHD: United B777-200ER (N786UA) short final for Washington @Dulles_Airport RWY 30\n#avgeek #Boeing #boeing777 #UnitedAirlines\xe2\x80\xa6'
2018-05-28 15:13:24,b'RT @UnitedFlyerHD: United B777-200ER (N786UA) short final for Washington @Dulles_Airport RWY 30\n#avgeek #Boeing #boeing777 #UnitedAirlines\xe2\x80\xa6'
2018-05-28 15:09:26,b'RT @UnitedFlyerHD: United B777-200ER (N786UA) short final for Washington @Dulles_Airport RWY 30\n#avgeek #Boeing #boeing777 #UnitedAirlines\xe2\x80\xa6'
2018-05-28 15:05:23,"b'I got to meet Dexter, the famous emotional support Peacock last night! #celebrity #starstruck #unitedairlines https://t.co/a7rhh22k12'"
2018-05-28 14:43:28,"b'#unitedAIRLINES is the Worst! Yesterday w/a 5 hour wait,  2 planes w/Engine Problems, 3 changes, a night here - &amp; More ISSUES!!!'"
2018-05-28 14:05:12,b'#unitedAIRLINES Flight attendant doesn\xe2\x80\x99t show up and they start getting mad at their customers for asking for meal\xe2\x80\xa6 https://t.co/8dwnQ9uLPe'
2018-05-28 14:00:25,"b""The #UnitedAirlines debacle isn't about #customerservice. It's about the morality of capitalism. https://t.co/VkE4uBXMa1"""
2018-05-28 13:42:16,"b""@united #unitedairlines Stop passing the buck!  It was YOU who decided to transfer my daughter's bag to #Aerlingus\xe2\x80\xa6 https://t.co/Uk7JSBnUAJ"""
2018-05-28 13:36:12,"b""@ATH_airport Missing bag! Can you please help? Flight reference ATHA374313. #aegeanairlines lost my daughter's bag.\xe2\x80\xa6 https://t.co/cE1UKyZ3dx"""
2018-05-28 13:35:21,"b""Only two of these airpor lounges exist    Inside United Airlines' first and business class lounge at SFO\xe2\x80\xa6 https://t.co/qvHIA6MyLf"""
2018-05-28 13:33:33,"b""#unitedAIRLINES An issue outbound and now you claim I wasn't on my flight to Chicago. Definitely here. Just trying\xe2\x80\xa6 https://t.co/7eW93UMzuk"""
2018-05-28 13:08:00,b'vintage United Airlines Future Pilot metal pin 1960s https://t.co/cSUrWSIcxW #travelcollectible #etsy\xe2\x80\xa6 https://t.co/adACXcl8is'
2018-05-28 13:05:08,"b'RT @dkugappi: @united What the fuck is this shit #UnitedAirlines? This is one of the most sleazy #darkpatterns ever, having to manually cli\xe2\x80\xa6'"
2018-05-28 12:49:44,"b""RT @skygoflycom: United Star Alliance 'Queen' #unitedairlines #boeing #747 #queenoftheskies #planespotting #dontgo https://t.co/2THoOMtay3\xe2\x80\xa6"""
2018-05-28 12:46:31,"b""RT @skygoflycom: United Star Alliance 'Queen' #unitedairlines #boeing #747 #queenoftheskies #planespotting #dontgo https://t.co/2THoOMtay3\xe2\x80\xa6"""
2018-05-28 12:45:21,"b""United Star Alliance 'Queen' #unitedairlines #boeing #747 #queenoftheskies #planespotting #dontgo\xe2\x80\xa6 https://t.co/xA2tNt1MyZ"""
2018-05-28 12:27:21,b'RT @LimaSierraPhoto: The brand new @united @BoeingAirplanes 737 MAX 9 making its debut at @iah! \n\nPrecisely tracked in via @flightradar24.\xe2\x80\xa6'
2018-05-28 11:24:44,"b'RT @UnitedFlyerHD: United\xe2\x80\x99s 1st Max, a B737-9 (N67501) parked at their Houston Hobby maintenance hangar \n#avgeek #maxmonday #boeing737 #b73\xe2\x80\xa6'"
2018-05-28 11:24:19,b'RT @UnitedFlyerHD: 3 United B737-9 Max tails (and an -800) at Houston Hobby\n\n#avgeek #boeing #boeing737 #boeing737max #b737max9 #UnitedAirl\xe2\x80\xa6'
2018-05-28 11:23:52,b'RT @UnitedFlyerHD: Closeup of Max split and Next Gen 737 split scimitar winglets. I\xe2\x80\x99m partial to split scimitars. \n\n#avgeek #WingsWednesday\xe2\x80\xa6'
2018-05-28 11:23:16,"b'RT @UnitedFlyerHD: United\xe2\x80\x99s first 3 Max 9\xe2\x80\x99s (N27503, N67501, N37502) parked at Houston Hobby for induction mods\n\n#Avgeek #Boeing #b737max #\xe2\x80\xa6'"
2018-05-28 11:21:49,b'RT @UnitedFlyerHD: United B737-900ER (N75436) departing Houston IAH in parallel with a United Express ERJ. I wish the 737 was still painted\xe2\x80\xa6'
2018-05-28 11:21:33,"b'RT @UnitedFlyerHD: United\xe2\x80\x99s 2nd Max 9 (N37502) parked at Houston Hobby, with a view of the engine nacelle chevrons \n#avgeek #MaxMonday #Boe\xe2\x80\xa6'"
2018-05-28 11:20:59,b'RT @UnitedFlyerHD: United\xe2\x80\x99s first 2 Max 9s (and an -800) at Houston Hobby \n\n#avgeek #boeing #boeing737 #max9 #b737max #UnitedAirlines https\xe2\x80\xa6'
2018-05-28 11:18:32,"b'RT @UnitedFlyerHD: United B787-9 N27964 pushing back at Houston IAH, headed to Sydney \n#AvGeek #boeing #boeing787 #dreamliner #UnitedAirlin\xe2\x80\xa6'"
2018-05-28 11:18:09,b'RT @UnitedFlyerHD: United B737-9 Max (N67501) at Houston Hobby with the Houston Rockets 757 in the background \n\n#avgeek #MaxMonday #Boeing\xe2\x80\xa6'
2018-05-28 11:16:52,b'RT @UnitedFlyerHD: United B777-200ER (N786UA) short final for Washington @Dulles_Airport RWY 30\n#avgeek #Boeing #boeing777 #UnitedAirlines\xe2\x80\xa6'
2018-05-28 11:13:57,b'#unitedAIRLINES cancels flights because too few people are on plain and does not want to reimburse you.  Do not fly\xe2\x80\xa6 https://t.co/CAKn7ZuuQK'
2018-05-28 11:06:47,b'RT @LimaSierraPhoto: The brand new @united @BoeingAirplanes 737 MAX 9 making its debut at @iah! \n\nPrecisely tracked in via @flightradar24.\xe2\x80\xa6'
2018-05-28 10:00:35,b'Wanderlust (n.) - A strong desire or urge to wander or travel and explore the world.\xf0\x9f\x98\x8d\n\n #memorialday #wanderlust\xe2\x80\xa6 https://t.co/anJcKnhc9R'
2018-05-28 09:46:08,b'#unitedAIRLINES left my luggage in ewr.  We\xe2\x80\x99re now in Dublin moving on to Waterford tomorrow.  When will we get our two bags?'
2018-05-28 08:59:42,b'@united a gate agent in Boston (UA304) literally just chased me down in my sleepy 4am stupor as I walked by to give\xe2\x80\xa6 https://t.co/KNFajN24Mo'
2018-05-28 08:54:10,"b'RT @TravelMedia_ie: VIDEO: @United Airlines 20 Years Flying from Ireland, Dublin and Shannon https://t.co/FS9Du2uxZB #ttot #traveltuesday #\xe2\x80\xa6'"
2018-05-28 08:53:00,"b'VIDEO: @United Airlines 20 Years Flying from Ireland, Dublin and Shannon https://t.co/FS9Du2uxZB #ttot\xe2\x80\xa6 https://t.co/9pmhz6z6Uh'"
2018-05-28 08:34:19,b'RT @LimaSierraPhoto: The brand new @united @BoeingAirplanes 737 MAX 9 making its debut at @iah! \n\nPrecisely tracked in via @flightradar24.\xe2\x80\xa6'
2018-05-28 06:34:14,"b'RT @FarrahDahl: Anybody on an @united flight seated near seat 3A, please check the seat back pocket for my bag \xf0\x9f\x99\x8f #united #UnitedAirlines'"
2018-05-28 06:16:35,b'RT @LimaSierraPhoto: The brand new @united @BoeingAirplanes 737 MAX 9 making its debut at @iah! \n\nPrecisely tracked in via @flightradar24.\xe2\x80\xa6'
2018-05-28 05:51:31,b'RT @LimaSierraPhoto: The brand new @united @BoeingAirplanes 737 MAX 9 making its debut at @iah! \n\nPrecisely tracked in via @flightradar24.\xe2\x80\xa6'
2018-05-28 05:37:43,b'#unitedairlines is actually terrible'
2018-05-28 05:18:23,b'RT @UnitedFlyerHD: United B777-200ER (N786UA) short final for Washington @Dulles_Airport RWY 30\n#avgeek #Boeing #boeing777 #UnitedAirlines\xe2\x80\xa6'
2018-05-28 05:12:30,"b'Anybody on an @united flight seated near seat 3A, please check the seat back pocket for my bag \xf0\x9f\x99\x8f #united #UnitedAirlines'"
2018-05-28 04:41:16,b'Pics from my flight #5 #unitedAIRLINES #flying https://t.co/NtLsjotYMl'
2018-05-28 04:38:34,b'Pics from my flight #4 #unitedAIRLINES #flying https://t.co/LDpVzv0QQo'
2018-05-28 04:36:54,b'Pics from my flight #3 #unitedAIRLINES #flying https://t.co/WoS6iSYnTS'
2018-05-28 04:34:25,b'Pics from my flight #2 #unitedAIRLINES #flying https://t.co/sOpUc4Z0jR'
2018-05-28 04:28:16,"b'Pics from my flight #1...say, what\xe2\x80\x99s that black thing in the first pic? #unitedAIRLINES #flying https://t.co/W19s5s7aT8'"
2018-05-28 03:45:57,b'RT @LimaSierraPhoto: The brand new @united @BoeingAirplanes 737 MAX 9 making its debut at @iah! \n\nPrecisely tracked in via @flightradar24.\xe2\x80\xa6'
2018-05-28 03:01:34,b'RT @LimaSierraPhoto: The brand new @united @BoeingAirplanes 737 MAX 9 making its debut at @iah! \n\nPrecisely tracked in via @flightradar24.\xe2\x80\xa6'
2018-05-28 02:00:17,b'RT @UnitedFlyerHD: United B777-200ER (N786UA) short final for Washington @Dulles_Airport RWY 30\n#avgeek #Boeing #boeing777 #UnitedAirlines\xe2\x80\xa6'
2018-05-28 01:51:55,b'This is the second time I have been delayed in SFO in the past 4 days.  And I thought I didn\xe2\x80\x99t like flying through LAX.  #unitedairlines'
2018-05-28 01:47:39,b'RT @LimaSierraPhoto: The brand new @united @BoeingAirplanes 737 MAX 9 making its debut at @iah! \n\nPrecisely tracked in via @flightradar24.\xe2\x80\xa6'
2018-05-28 01:33:31,b'Plane delayed 4 hours with no explanation. Horrible service #unitedairlines @UnitedAirHelp'
2018-05-28 01:08:00,b'vintage United Airlines Future Pilot metal pin 1960s https://t.co/cSUrWSqBGo #travelcollectible #etsy\xe2\x80\xa6 https://t.co/9SdkFD1KqK'
2018-05-28 00:34:31,b'#unitedAIRLINES great job flying through tough weather around DIA this evening!'
2018-05-28 00:31:00,b'United Airlines bans 25 breeds of dogs and cats from cargo hold | Fox News https://t.co/DmQhYqO5dD #unitedAIRLINES\xe2\x80\xa6 https://t.co/Eemc2sanXK'
2018-05-27 23:56:41,"b'Update: after speaking to a total of 8 #UnitedAirlines customer service reps, I am still at sfo. They ultimately of\xe2\x80\xa6 https://t.co/xv6QstLltp'"
2018-05-27 23:32:49,"b'Juan @united Customer service Term C in Newark is a lifesaver today. Thank you for going above and beyond, helping\xe2\x80\xa6 https://t.co/xC6USPp6tV'"
2018-05-27 23:31:51,b'#UnitedAirlines #787 flight from SFO to SYD makes emergency landing in Honolulu at midnight due to failed fuel pump\xe2\x80\xa6 https://t.co/cli8RkYqUY'
2018-05-27 23:16:38,b'RT @UnitedFlyerHD: United B777-200ER (N786UA) short final for Washington @Dulles_Airport RWY 30\n#avgeek #Boeing #boeing777 #UnitedAirlines\xe2\x80\xa6'
2018-05-27 22:50:25,b'.@united offers new excuses: passenger left a bag in the checked compartment and in coming back to get it has cause\xe2\x80\xa6 https://t.co/XEVH77NJWU'
2018-05-27 22:37:31,b'RT @MargotBouwens: Never ever will I fly with @united Airlines again. They make a mistake and I have to pay 1650 euro for a ticket I alread\xe2\x80\xa6'
2018-05-27 22:36:31,b'Never ever will I fly with @united Airlines again. They make a mistake and I have to pay 1650 euro for a ticket I a\xe2\x80\xa6 https://t.co/FyEJwrhEi7'
2018-05-27 22:34:47,"b""https://t.co/lrr0I1wsMT\n\nI fly alot. Haven't used @united since UA attacked @NRA and will never use #UnitedAirlines\xe2\x80\xa6 https://t.co/Vy0d0vBBtN"""
2018-05-27 22:24:00,b'United settles with family over dog who died in overhead bin.\nhttps://t.co/oaiwBCk3NP #unitedAIRLINES #dogdeath #settlement'
2018-05-27 22:18:41,b'Never again #UnitedAirlines'
2018-05-27 22:09:36,b'So after United Airlines told us we would be carted from our AA flight all the way across to the other side of fric\xe2\x80\xa6 https://t.co/mAzNyDczK0'
2018-05-27 21:45:16,b'RT @UnitedFlyerHD: United B777-200ER (N786UA) short final for Washington @Dulles_Airport RWY 30\n#avgeek #Boeing #boeing777 #UnitedAirlines\xe2\x80\xa6'
2018-05-27 21:05:52,"b""@thatgirlismegan @united @FulcrumBio United wants people to pay extra for bags to go in overhead...because that's w\xe2\x80\xa6 https://t.co/QmKH2Oi0xv"""
2018-05-27 20:51:03,"b'RT @TravelMedia_ie: VIDEO: London to Denver with @United Airlines - Interview with Bob Schumacher, #UnitedAirlines (UK) https://t.co/aAXYFC\xe2\x80\xa6'"
2018-05-27 20:50:01,"b'VIDEO: London to Denver with @United Airlines - Interview with Bob Schumacher, #UnitedAirlines (UK)\xe2\x80\xa6 https://t.co/DKYuHDEsBr'"
2018-05-27 20:45:45,b'ABSOLUTELY NEVER flying #UnitedAirlines again.'
2018-05-27 20:42:30,b'RT @LimaSierraPhoto: The brand new @united @BoeingAirplanes 737 MAX 9 making its debut at @iah! \n\nPrecisely tracked in via @flightradar24.\xe2\x80\xa6'
2018-05-27 20:09:34,b'RT @LimaSierraPhoto: The brand new @united @BoeingAirplanes 737 MAX 9 making its debut at @iah! \n\nPrecisely tracked in via @flightradar24.\xe2\x80\xa6'
2018-05-27 19:32:19,"b""RT @MonsterJonah: .@united my girlfriend got very sick and we couldn't make our flight to Arkansas. We booked a one way, with your airline,\xe2\x80\xa6"""
2018-05-27 19:01:32,"b""RT @MonsterJonah: .@united my girlfriend got very sick and we couldn't make our flight to Arkansas. We booked a one way, with your airline,\xe2\x80\xa6"""
2018-05-27 18:48:49,b'#UnitedAirlines and #AmericanAirlines this service is unacceptable. #SantaFeStrong #missingmemorial #PresidentTrump'
2018-05-27 18:48:36,b'#UnitedAirlines don\xe2\x80\x99t fly with them'
2018-05-27 18:28:22,b'How do you stay in business? Delays and miscommunications on both ends of my trip. And I suppose you might beat me\xe2\x80\xa6 https://t.co/Cueobd9AeF'
2018-05-27 18:14:36,"b"".@united my girlfriend got very sick and we couldn't make our flight to Arkansas. We booked a one way, with your ai\xe2\x80\xa6 https://t.co/Ispn1HoD1N"""
2018-05-27 18:10:13,b'RT @ChrisDisaster: #DoYouKnow how to #Safely #Travel with #Lithium Batteries? Access and watch the video at https://t.co/Og32qGvj2F #Airpla\xe2\x80\xa6'
2018-05-27 18:02:59,b'Sitting on tarmac 1 hr cause there\xe2\x80\x99s no gate for us \xf0\x9f\x98\xa1\xf0\x9f\x98\xa1\xf0\x9f\x98\xa1\xf0\x9f\x98\xa1 it\xe2\x80\x99s so dumb no idea why these airlines can\xe2\x80\x99t be more on t\xe2\x80\xa6 https://t.co/gHOA6XFzet'
2018-05-27 17:44:04,b'RT @LimaSierraPhoto: The brand new @united @BoeingAirplanes 737 MAX 9 making its debut at @iah! \n\nPrecisely tracked in via @flightradar24.\xe2\x80\xa6'
2018-05-27 17:33:27,b'RT @LimaSierraPhoto: The brand new @united @BoeingAirplanes 737 MAX 9 making its debut at @iah! \n\nPrecisely tracked in via @flightradar24.\xe2\x80\xa6'
2018-05-27 17:24:36,b'RT @LimaSierraPhoto: The brand new @united @BoeingAirplanes 737 MAX 9 making its debut at @iah! \n\nPrecisely tracked in via @flightradar24.\xe2\x80\xa6'
2018-05-27 17:11:24,b'RT @LimaSierraPhoto: The brand new @united @BoeingAirplanes 737 MAX 9 making its debut at @iah! \n\nPrecisely tracked in via @flightradar24.\xe2\x80\xa6'
2018-05-27 16:38:17,"b'I will have patience , but stop misinforming here .We are not flying at 10am @CNN @fcunivision we we were deplaned\xe2\x80\xa6 https://t.co/TBfDGwB8vK'"
2018-05-27 16:38:14,b'RT @LimaSierraPhoto: The brand new @united @BoeingAirplanes 737 MAX 9 making its debut at @iah! \n\nPrecisely tracked in via @flightradar24.\xe2\x80\xa6'
2018-05-27 16:20:57,b'RT @LimaSierraPhoto: The brand new @united @BoeingAirplanes 737 MAX 9 making its debut at @iah! \n\nPrecisely tracked in via @flightradar24.\xe2\x80\xa6'
2018-05-27 16:13:41,b'RT @LimaSierraPhoto: The brand new @united @BoeingAirplanes 737 MAX 9 making its debut at @iah! \n\nPrecisely tracked in via @flightradar24.\xe2\x80\xa6'
2018-05-27 16:07:43,b'@stevendupler @RajGoel_NY @McDonaldsCorp Or #unitedAIRLINES ...or an endless list of other corporations? Or perhaps\xe2\x80\xa6 https://t.co/XZddXjhjjz'
2018-05-27 15:54:04,b'#unitedairlines has no maintenance here at the airport. Why do you not have service available? WtF'
2018-05-27 15:52:34,b'#unitedairlines waited until boarding time to determine our plane was broke down.#kimsmom3'
2018-05-27 15:51:36,b'#unitedairlines sucks. This is absurd. #kimsmom3 all she needs is our support #unitedairlinesfucked up'
2018-05-27 15:50:14,b'@CNN trying to get to Houston for Memorial for #kimvaughn and #unitedAIRLINES fucked us over'
2018-05-27 15:46:00,b'RT @LimaSierraPhoto: The brand new @united @BoeingAirplanes 737 MAX 9 making its debut at @iah! \n\nPrecisely tracked in via @flightradar24.\xe2\x80\xa6'
2018-05-27 15:26:32,b'RT @ChrisDisaster: #DoYouKnow how to #Safely #Travel with #Lithium Batteries? Access and watch the video at https://t.co/Og32qGvj2F #Airpla\xe2\x80\xa6'
2018-05-27 15:22:00,b'RT @ChrisDisaster: #DoYouKnow how to #Safely #Travel with #Lithium Batteries? Access and watch the video at https://t.co/Og32qGvj2F #Airpla\xe2\x80\xa6'
2018-05-27 15:16:51,b'RT @ChrisDisaster: #DoYouKnow how to #Safely #Travel with #Lithium Batteries? Access and watch the video at https://t.co/Og32qGvj2F #Airpla\xe2\x80\xa6'
2018-05-27 15:16:31,b'RT @LimaSierraPhoto: The brand new @united @BoeingAirplanes 737 MAX 9 making its debut at @iah! \n\nPrecisely tracked in via @flightradar24.\xe2\x80\xa6'
2018-05-27 15:12:52,"b'@united Hey, mind figuring out why my flight has been delayed 2 hours?! #unitedAIRLINES #thanks'"
2018-05-27 15:04:04,b'RT @LimaSierraPhoto: The brand new @united @BoeingAirplanes 737 MAX 9 making its debut at @iah! \n\nPrecisely tracked in via @flightradar24.\xe2\x80\xa6'
2018-05-27 15:02:53,b'RT @LimaSierraPhoto: The brand new @united @BoeingAirplanes 737 MAX 9 making its debut at @iah! \n\nPrecisely tracked in via @flightradar24.\xe2\x80\xa6'
2018-05-27 15:02:32,b'The brand new @united @BoeingAirplanes 737 MAX 9 making its debut at @iah! \n\nPrecisely tracked in via\xe2\x80\xa6 https://t.co/Nu3v7em3Ja'
2018-05-27 14:51:01,b'RT @ChrisDisaster: #DoYouKnow how to #Safely #Travel with #Lithium Batteries? Access and watch the video at https://t.co/Og32qGvj2F #Airpla\xe2\x80\xa6'
2018-05-27 14:45:30,b'RT @ChrisDisaster: #DoYouKnow how to #Safely #Travel with #Lithium Batteries? Access and watch the video at https://t.co/Og32qGvj2F #Airpla\xe2\x80\xa6'
2018-05-27 14:45:04,b'#DoYouKnow how to #Safely #Travel with #Lithium Batteries? Access and watch the video at https://t.co/Og32qGvj2F\xe2\x80\xa6 https://t.co/6Zl18py7s9'
2018-05-27 14:37:59,b'#unitedAIRLINES strikes again. Is this airline ever on time?'
2018-05-27 14:03:11,"b""RT @AllianaSabrina: Y'all @united is complete and utter TRASH!!! Do NOT fly with them. It's literally a shit show at both airports I've bee\xe2\x80\xa6"""
2018-05-27 13:51:48,"b'RT @foppish_bum: Bye bye, office. \xf0\x9f\xa4\xa3 Taking off from LAX on board #UnitedAirlines #Boeing #B757-200 #N588UA.\n..\n..\n#AvGeek #AviationPhotogra\xe2\x80\xa6'"
2018-05-27 13:49:40,"b'Bye bye, office. \xf0\x9f\xa4\xa3 Taking off from LAX on board #UnitedAirlines #Boeing #B757-200 #N588UA.\n..\n..\n#AvGeek\xe2\x80\xa6 https://t.co/gX1ciViAqA'"
2018-05-27 13:08:18,b'RT @UnitedFlyerHD: United B777-200ER (N786UA) short final for Washington @Dulles_Airport RWY 30\n#avgeek #Boeing #boeing777 #UnitedAirlines\xe2\x80\xa6'
2018-05-27 13:08:00,b'vintage United Airlines Future Pilot metal pin 1960s https://t.co/cSUrWSqBGo #travelcollectible #etsy\xe2\x80\xa6 https://t.co/lxqZ95ccz0'
2018-05-27 12:33:26,b'RT @YNHallak: #UNITED #UnitedAirlines #flightattendants on #DC8 #wing at #LAX #SaturdayMorning https://t.co/pyjLZvTCB2'
2018-05-27 12:26:13,b'RT @YNHallak: #UNITED #UnitedAirlines #flightattendants on #DC8 #wing at #LAX #SaturdayMorning https://t.co/pyjLZvTCB2'
2018-05-27 12:25:49,b'RT @YNHallak: #UNITED #UnitedAirLines #hostesses #FLIGHTATTENDANT  on fuselage of #BOEING #B247  #SaturdayMorning https://t.co/KzX0tohCvd'
2018-05-27 12:08:28,b'RT @steveApoet: Twitter really needs an etit option. \nSee what I mean already?! \n#FridayBriefing #GrabGerak #BTSARMYxSTARWARS #UnitedAirlin\xe2\x80\xa6'
2018-05-27 11:14:59,"b'Update. @united said their lack to inform us that Air India would not comply with their luggage allowances, unlike\xe2\x80\xa6 https://t.co/9m3MRtzNTf'"
2018-05-27 11:12:14,b'@boutiqueair ANNOUNCES CODESHARE PARTNERSHIP WITH @united AIRLINES \nhttps://t.co/guCG31TifG\n#BOUTIQUEAIR\xe2\x80\xa6 https://t.co/YRLpCNhPI5'
2018-05-27 08:56:58,b'Wait...what time is it?? Must be a travel day \xf0\x9f\x98\xa9 #singers #singerslife #travelday #travel #work #commute #selfie\xe2\x80\xa6 https://t.co/cslfllnbqd'
2018-05-27 08:53:09,b'RT @UnitedFlyerHD: United B777-200ER (N786UA) short final for Washington @Dulles_Airport RWY 30\n#avgeek #Boeing #boeing777 #UnitedAirlines\xe2\x80\xa6'
2018-05-27 07:16:45,b'Cancelled flight and 7 hours (2 plus on the plane) yesterday and now 2 plus hours in line to check in - fuck you\xe2\x80\xa6 https://t.co/71pvrjmGo2'
2018-05-27 06:21:41,"b'#UnitedAirlines already nervous to fly with a pet after they forced a passenger to store them in an overhead bin, w\xe2\x80\xa6 https://t.co/nF4LmcvqTZ'"
2018-05-27 05:40:26,b'RT @UnitedFlyerHD: United B777-200ER (N786UA) short final for Washington @Dulles_Airport RWY 30\n#avgeek #Boeing #boeing777 #UnitedAirlines\xe2\x80\xa6'
2018-05-27 05:38:07,"b""#AnimalNews #LegalNews: #UnitedAirlines Am #Settled #Lawsuit Over #Dog That'm #KickBucket In #OverheadBin https://t.co/f90i3TUYqM"""
2018-05-27 04:53:53,b'RT @UnitedFlyerHD: United B777-200ER (N786UA) short final for Washington @Dulles_Airport RWY 30\n#avgeek #Boeing #boeing777 #UnitedAirlines\xe2\x80\xa6'
2018-05-27 04:11:50,b'@NotYourFlyGurl Welcome to #UnitedAirlines'
2018-05-27 03:36:38,b'Note to self... Flying on #UnitedAirlines sucks'
2018-05-27 03:26:51,b'Geez @united  never heard back from you from last week\xe2\x80\x99s flight. Should I worry about my son \xe2\x80\x98s with #autism  accom\xe2\x80\xa6 https://t.co/vcypbQnZ5y'
2018-05-27 03:11:39,"b""RT @AllianaSabrina: Y'all @united is complete and utter TRASH!!! Do NOT fly with them. It's literally a shit show at both airports I've bee\xe2\x80\xa6"""
2018-05-27 03:05:57,"b""Y'all @united is complete and utter TRASH!!! Do NOT fly with them. It's literally a shit show at both airports I've\xe2\x80\xa6 https://t.co/gHiWVNLtYB"""
2018-05-27 02:41:11,"b'Dear @united-when a very full flight waits to deplane for 20 mins AT THE GATE because the walkway is broken, we don\xe2\x80\xa6 https://t.co/0d2UhxO9jR'"
2018-05-27 02:28:24,b'RT @UnitedFlyerHD: United B777-200ER (N786UA) short final for Washington @Dulles_Airport RWY 30\n#avgeek #Boeing #boeing777 #UnitedAirlines\xe2\x80\xa6'
2018-05-27 02:16:48,b'RT @UnitedFlyerHD: United B777-200ER (N786UA) short final for Washington @Dulles_Airport RWY 30\n#avgeek #Boeing #boeing777 #UnitedAirlines\xe2\x80\xa6'
2018-05-27 02:15:55,b'United B777-200ER (N786UA) short final for Washington @Dulles_Airport RWY 30\n#avgeek #Boeing #boeing777\xe2\x80\xa6 https://t.co/vuQ6lyslY1'
2018-05-27 02:08:24,b'@united Update. I\xe2\x80\x99m told to just file a form online. Soooo NO ONE at the airport can help with a one day delay???\xe2\x80\xa6 https://t.co/1UPXX77Lnh'
2018-05-27 02:02:09,b'@united Because every journey in life begins with the first up thank you for always being here for me to make the d\xe2\x80\xa6 https://t.co/ozBH2du0Ce'
2018-05-27 01:53:31,b'@united Why are these rights not posted for passengers to see and get compensated? #unitedairlines #flightdelay\xe2\x80\xa6 https://t.co/VkO9q089vO'
2018-05-27 01:29:40,b'Been delayed over three hours and told I\xe2\x80\x99ll have to stay in a hotel and get home a day later. Offered no compensati\xe2\x80\xa6 https://t.co/cykJt0p6Ry'
2018-05-27 01:08:00,b'vintage United Airlines Future Pilot metal pin 1960s https://t.co/cSUrWSqBGo #travelcollectible #etsy\xe2\x80\xa6 https://t.co/DVnIV2PIfB'
2018-05-27 00:58:49,b'RT @bryanbehar: Flew all night on @united airlines to travel across the country to make my college reunion.  Because of their flight delay\xe2\x80\xa6'
2018-05-26 23:50:32,b'\xf0\x9f\x99\x8f\xf0\x9f\x8f\xbcHoping and praying that @united can help me find my notebook that I left on the plane Thurs!  I will be forever i\xe2\x80\xa6 https://t.co/WEO0iXwxFi'
2018-05-26 20:34:49,"b'RT @dkugappi: @united What the fuck is this shit #UnitedAirlines? This is one of the most sleazy #darkpatterns ever, having to manually cli\xe2\x80\xa6'"
2018-05-26 20:20:37,"b'Disappointed by the way flight attendant (Susan - tall blonde) on flight UA599 Boston to Ohare treated my dad, most\xe2\x80\xa6 https://t.co/yA2agYqXYp'"
2018-05-26 19:44:07,b'Booked a group trip with #unitedairlines for Vegas the last 2 times we were delayed by 24hrs. Now need a name chang\xe2\x80\xa6 https://t.co/PxBzGItQPN'
2018-05-26 19:33:04,b'@united United provided a roach hotel for the night and a $90 voucher for airport food for the 24 hour delay. But w\xe2\x80\xa6 https://t.co/YswyuAzUkG'
2018-05-26 18:40:08,b'@united #unitedAIRLINES is the only airline out of 5 who has not solved this. They send you from A to B and back bu\xe2\x80\xa6 https://t.co/lD3o92HCpi'
2018-05-26 18:22:35,b'@united Every time I receive a different answer but no solutions. I paid the tax to #unitedAIRLINES so I expect to\xe2\x80\xa6 https://t.co/q7Gl0xBioL'
2018-05-26 17:45:14,b'RT @DougPSmith: @JetBlue learning some bad habits from #unitedAIRLINES .  JB 865 preparation is a joke.  Quickly on our way to 1 hour delay\xe2\x80\xa6'
2018-05-26 17:31:33,"b'RT @dkugappi: @united What the fuck is this shit #UnitedAirlines? This is one of the most sleazy #darkpatterns ever, having to manually cli\xe2\x80\xa6'"
2018-05-26 16:51:18,b'#UNITED #UnitedAirlines #flightattendants on #DC8 #wing at #LAX #SaturdayMorning https://t.co/pyjLZvTCB2'
2018-05-26 16:45:50,b'#UNITED #UnitedAirLines #hostesses #FLIGHTATTENDANT  on fuselage of #BOEING #B247  #SaturdayMorning https://t.co/KzX0tohCvd'
2018-05-26 16:36:10,"b'RT @dkugappi: @united What the fuck is this shit #UnitedAirlines? This is one of the most sleazy #darkpatterns ever, having to manually cli\xe2\x80\xa6'"
2018-05-26 15:48:19,b'RT @bryanbehar: Flew all night on @united airlines to travel across the country to make my college reunion.  Because of their flight delay\xe2\x80\xa6'
2018-05-26 14:34:59,b'RT @bryanbehar: Flew all night on @united airlines to travel across the country to make my college reunion.  Because of their flight delay\xe2\x80\xa6'
2018-05-26 14:25:30,b'RT @bryanbehar: Flew all night on @united airlines to travel across the country to make my college reunion.  Because of their flight delay\xe2\x80\xa6'
2018-05-26 14:24:50,b'RT @bryanbehar: Flew all night on @united airlines to travel across the country to make my college reunion.  Because of their flight delay\xe2\x80\xa6'
2018-05-26 14:23:30,b'RT @bryanbehar: Flew all night on @united airlines to travel across the country to make my college reunion.  Because of their flight delay\xe2\x80\xa6'
2018-05-26 13:50:44,b'RT @bryanbehar: Flew all night on @united airlines to travel across the country to make my college reunion.  Because of their flight delay\xe2\x80\xa6'
2018-05-26 13:42:56,b'RT @bryanbehar: Flew all night on @united airlines to travel across the country to make my college reunion.  Because of their flight delay\xe2\x80\xa6'
2018-05-26 13:42:09,b'RT @bryanbehar: Flew all night on @united airlines to travel across the country to make my college reunion.  Because of their flight delay\xe2\x80\xa6'
2018-05-26 13:40:44,b'RT @bryanbehar: Flew all night on @united airlines to travel across the country to make my college reunion.  Because of their flight delay\xe2\x80\xa6'
2018-05-26 13:40:21,b'RT @bryanbehar: Flew all night on @united airlines to travel across the country to make my college reunion.  Because of their flight delay\xe2\x80\xa6'
2018-05-26 13:40:12,b'RT @bryanbehar: Flew all night on @united airlines to travel across the country to make my college reunion.  Because of their flight delay\xe2\x80\xa6'
2018-05-26 13:40:03,b'RT @bryanbehar: Flew all night on @united airlines to travel across the country to make my college reunion.  Because of their flight delay\xe2\x80\xa6'
2018-05-26 13:37:57,b'RT @bryanbehar: Flew all night on @united airlines to travel across the country to make my college reunion.  Because of their flight delay\xe2\x80\xa6'
2018-05-26 13:34:21,b'Flew all night on @united airlines to travel across the country to make my college reunion.  Because of their fligh\xe2\x80\xa6 https://t.co/Ig1ClKCCYk'
2018-05-26 13:16:22,"b'RT @dkugappi: @united What the fuck is this shit #UnitedAirlines? This is one of the most sleazy #darkpatterns ever, having to manually cli\xe2\x80\xa6'"
2018-05-26 13:08:00,b'vintage United Airlines Future Pilot metal pin 1960s https://t.co/cSUrWSqBGo #travelcollectible #etsy\xe2\x80\xa6 https://t.co/WSw418Kd8y'
2018-05-26 12:57:19,"b'#UnitedAirlines now forces you to check carry-ons bigger than a shopping bag [and pay through the nose for it], unl\xe2\x80\xa6 https://t.co/MREqoqCmKK'"
2018-05-26 12:04:20,"b'RT @dkugappi: @united What the fuck is this shit #UnitedAirlines? This is one of the most sleazy #darkpatterns ever, having to manually cli\xe2\x80\xa6'"
2018-05-26 11:49:16,"b'RT @dkugappi: @united What the fuck is this shit #UnitedAirlines? This is one of the most sleazy #darkpatterns ever, having to manually cli\xe2\x80\xa6'"
2018-05-26 11:41:12,"b'RT @dkugappi: @united What the fuck is this shit #UnitedAirlines? This is one of the most sleazy #darkpatterns ever, having to manually cli\xe2\x80\xa6'"
2018-05-26 11:35:17,"b'RT @dkugappi: @united What the fuck is this shit #UnitedAirlines? This is one of the most sleazy #darkpatterns ever, having to manually cli\xe2\x80\xa6'"
2018-05-26 11:34:46,"b'RT @dkugappi: @united What the fuck is this shit #UnitedAirlines? This is one of the most sleazy #darkpatterns ever, having to manually cli\xe2\x80\xa6'"
2018-05-26 11:33:00,"b'RT @dkugappi: @united What the fuck is this shit #UnitedAirlines? This is one of the most sleazy #darkpatterns ever, having to manually cli\xe2\x80\xa6'"
2018-05-26 11:19:21,b'#unitedAIRLINES  terrible urine smell for a 6 hour flight @united https://t.co/9lMrND5uOP'
2018-05-26 02:46:31,"b""RT @skygoflycom: United Star Alliance 'Queen' #unitedairlines #boeing #747 #queenoftheskies #planespotting #dontgo https://t.co/2THoOMtay3\xe2\x80\xa6"""
2018-05-26 02:45:16,"b""United Star Alliance 'Queen' #unitedairlines #boeing #747 #queenoftheskies #planespotting #dontgo\xe2\x80\xa6 https://t.co/DJkF0I6SpZ"""
2018-05-26 01:50:37,b'RT @foppish_bum: #UnitedAirlines #Boeing #B757-200 #N588UA. I\xe2\x80\x99ve flown on this particular aircraft 3 times so far. \xf0\x9f\x98\x84\n..\n..\n#AvGeek #Aviatio\xe2\x80\xa6'
2018-05-26 01:49:32,b'#UnitedAirlines #Boeing #B757-200 #N588UA. I\xe2\x80\x99ve flown on this particular aircraft 3 times so far. \xf0\x9f\x98\x84\n..\n..\n#AvGeek\xe2\x80\xa6 https://t.co/XtPCjtuWgy'
2018-05-26 01:08:00,b'vintage United Airlines Future Pilot metal pin 1960s https://t.co/cSUrWSIcxW #travelcollectible #etsy\xe2\x80\xa6 https://t.co/7wI9qxuJ5G'
2018-05-25 23:54:17,b'I saved u the trouble of asking me to DM details \xe2\x80\x94 all info including receipt screenshots are in your hands @united #unitedairlines'
2018-05-25 23:45:16,b'&amp; it looks like seat assignments for all 4 legs of our trip were changed to our disadvantage @united \xe2\x80\x94 &amp; your app w\xe2\x80\xa6 https://t.co/Axc2EzPBct'
2018-05-25 23:35:20,b'@united #UnitedAirlines is the absolute worst!! I arrive to the airport and a smug agent pleasantly tells me not on\xe2\x80\xa6 https://t.co/lpfCoRriZI'
2018-05-25 23:35:02,b'#UnitedAirlines implements a new policy requiring more documentation for #EmotionalSupportAnimals. It comes on the\xe2\x80\xa6 https://t.co/rgBHKcgQiD'
2018-05-25 23:14:34,"b'@united On my 1st United flight in a long time, absolutely terrible so far. Seats are so small, it is past ridiculo\xe2\x80\xa6 https://t.co/mfLHWXUDbQ'"
2018-05-25 22:49:12,"b""@jimjefferies @united had emergency eye surgery and had a flight with @united a few days later but wasn't allowed t\xe2\x80\xa6 https://t.co/63VXuN2pqA"""
2018-05-25 21:36:20,b'Great event on Coronado Island yesterday. Talk about what the most influential people do differently... and how you\xe2\x80\xa6 https://t.co/kWPug6VQuG'
2018-05-25 21:06:47,b'80 days Jules Verne Game\n\n#klm #airfrance #britishairways #norwegian #tui #lufthansa #delta #unitedairlines #united\xe2\x80\xa6 https://t.co/redyOAy3Sh'
2018-05-25 20:58:21,b'Oooops they did it again.... \xf0\x9f\x8e\xbc\xf0\x9f\x8e\xb6 now they\xe2\x80\x99ve decided we need more gas.... how does this happen? #UnitedAirlines\xe2\x80\xa6 https://t.co/6gGAXPp7qV'
2018-05-25 20:43:52,b'United airlines is the worst ever! We will never fly United ever again.  After moving us around (get this) 8 differ\xe2\x80\xa6 https://t.co/hISia8wo2X'
2018-05-25 20:37:57,b'Of course our flight is delayed. But they boarded us so now we sit for an hour. No one likes you United you are a d\xe2\x80\xa6 https://t.co/3TdS91SQ5s'
2018-05-25 20:32:48,b'Hey #unitedairlines - super sweet WiFi you got here. Loved using nearly 4000 miles for service worse than dialup.\xe2\x80\xa6 https://t.co/bJo4tXoVAE'
2018-05-25 19:45:08,b'@united simply CANNOT be trusted. One more delay. Missed one more connection. Impossible. #unitedairlines\xe2\x80\xa6 https://t.co/f0tB5oeAoR'
2018-05-25 19:36:20,"b'@united #unitedairlines Cheryl at IAH refused to give me her name, no visible ID no knowledge in the terms of carri\xe2\x80\xa6 https://t.co/AELf2IaXEE'"
2018-05-25 19:28:33,b'United Airlines and The Private Suite announced their collaboration to offer the airline customers access to newly\xe2\x80\xa6 https://t.co/vWkE1LSICi'
2018-05-25 19:13:51,b'After being embarrassed by @united personnel at IAH I foresaw that my luggage could end up getting lost (retaliatio\xe2\x80\xa6 https://t.co/fFDSV20FPr'
2018-05-25 18:18:45,b'Great day on the ramp #unitedairlines #airliner\xe2\x80\xa6 https://t.co/fWoCaaN1Vf'
2018-05-25 18:08:58,b'#UnitedAirlines they need to give all of us extra miles for this wait. 4hr flight now with the delay'
2018-05-25 18:06:33,b'#UnitedAirlines suck this plane is junk an we have been here 45min'
2018-05-25 17:55:08,b'Thanks #UnitedAirlines flight 545 was able to wave at my home @VisitFtCollins https://t.co/JnhOx6t9hk'
2018-05-25 17:43:44,b'RT @foppish_bum: OMG!! #UnitedAirlines new #Boeing #B737MAX9! My first time seeing Max 9 in person so I\xe2\x80\x99m all giggity. ..\n..\n#AvGeek #Aviat\xe2\x80\xa6'
2018-05-25 16:39:46,b'@LubnaArikat @DRUDGE_REPORT Think @JacksonLeeTX18 ... #TermLimits #seattheif #unitedAIRLINES'
2018-05-25 16:34:26,"b'For the first time, I have seen a #737Max9 in the #UnitedAirlines livery. Now THAT is COOL! @united\xe2\x80\xa6 https://t.co/cxBnlro1ej'"
2018-05-25 16:09:08,b'Changes are Coming to #ChaseUnitedExplorer Card Benefits https://t.co/hTkVmGmC7G via @thePointsGate #MileagePlus #UnitedAirlines'
2018-05-25 15:56:40,b'That brand new car smell oops I mean plane smell.\xe2\x98\xba\xe2\x9c\x88\n#N37504 #Boeing737 \n#Max9 #UnitedAirlines https://t.co/vzRzGB34k9'
2018-05-25 15:40:17,b'United Airlines resurrects the Bloody Mary after social media backlash. #unitedairlines #tomatojuice\xe2\x80\xa6 https://t.co/Rju8NV1OTN'
2018-05-25 15:20:33,"b'RT @LeonCosgroveLaw: In #UnitedAirlines #puppy #overheadbin death, compensation to the owners for their loss probably was influenced by the\xe2\x80\xa6'"
2018-05-25 15:19:43,b'A @united Boeing 767 departing from @HeathrowAirport bound for New York. 5 days to go \xf0\x9f\x98\x81\n.\n.\n.\n#unitedairlines\xe2\x80\xa6 https://t.co/XUHJrXaJAG'
2018-05-25 14:17:54,"b""I'm proud of you, Oscar Munoz, #unitedAIRLINES CEO for standing up to the board member that gave you grief for discounting the NRA discount."""
2018-05-25 13:58:50,"b'RT @TravelMedia_ie: VIDEO: Bob Schumacher, #UnitedAirlines (UK) talking about United rolling out their new Business Class seat product - Po\xe2\x80\xa6'"
2018-05-25 13:58:05,b'I\xe2\x80\x99m 5\xe2\x80\x999 please tell me why the seats are so close together my knees are digging into the seat in front of me. Shame\xe2\x80\xa6 https://t.co/jSbbcIDIps'
2018-05-25 13:56:00,"b'VIDEO: Bob Schumacher, #UnitedAirlines (UK) talking about United rolling out their new Business Class seat product\xe2\x80\xa6 https://t.co/9VTKQmHeex'"
2018-05-25 13:34:20,"b'For all the Statistical analysis done on overbooking, one airline continues to show no improvement . Got bumped off\xe2\x80\xa6 https://t.co/yqigZcU0JL'"
2018-05-25 13:32:29,b'#Passenger #Sues #UnitedAirlines for not #landing plane at #Emergency https://t.co/H2C3lCm5GH'
2018-05-25 13:08:24,b'RT @lizzibooonetsy: vintage United Airlines Future Pilot metal pin 1960s https://t.co/cSUrWSqBGo #travelcollectible #etsy #Unitedairlines #\xe2\x80\xa6'
2018-05-25 13:08:00,b'vintage United Airlines Future Pilot metal pin 1960s https://t.co/cSUrWSqBGo #travelcollectible #etsy\xe2\x80\xa6 https://t.co/PCXVqjHV2y'
2018-05-25 09:18:19,b'@united #united #UnitedAirlines please help i am houston'
2018-05-25 08:30:07,"b""#UnitedAirlines broke into my brother's Savio George's luggage to steal a #lacie hard disk. Flight UA48 Newyork to Mumbai. 20th may 2018"""
2018-05-25 08:29:11,b'United Airlines launches seasonal Edinburgh-Washington connection #United #UnitedAirlines #Edinburgh... https://t.co/T0AKdTFDvL'
2018-05-25 08:27:13,b'United Airlines Nonstop Athens-New York Flights Return for 2018 Season https://t.co/utjRoG1TTR via @gtpgr\xe2\x80\xa6 https://t.co/hJoVfShnyv'
2018-05-25 08:01:09,"b""RT @1027KIISFM: #UnitedAirlines finally reached a settlement with the family who's dog died after a flight attendant trapped it in the over\xe2\x80\xa6"""
2018-05-25 07:19:00,"b""RT @1027KIISFM: #UnitedAirlines finally reached a settlement with the family who's dog died after a flight attendant trapped it in the over\xe2\x80\xa6"""
2018-05-25 07:14:04,"b""#UnitedAirlines finally reached a settlement with the family who's dog died after a flight attendant trapped it in\xe2\x80\xa6 https://t.co/QHAuh2Waf3"""
2018-05-25 06:05:08,b'United Unveils a New Luxury Experience at LAX.-\nhttps://t.co/NMHXnMZakL\n#Travessi #UnitedAirlines #luxurytravel\xe2\x80\xa6 https://t.co/KfNnoeP338'
2018-05-25 05:54:34,"b'On a 3hr flight , 2hrs of WiFi was this page #UnitedAirlines https://t.co/yRb6eJ4kIc'"
2018-05-25 05:20:40,b'RT @foppish_bum: Dusk! #UnitedAirlines approaching #LAX on board a 15-year-old #Boeing #B737-800 #N79279. ..\n..\n#AvGeek #AviationPhotograph\xe2\x80\xa6'
2018-05-25 04:49:57,b'RT @foppish_bum: Dusk! #UnitedAirlines approaching #LAX on board a 15-year-old #Boeing #B737-800 #N79279. ..\n..\n#AvGeek #AviationPhotograph\xe2\x80\xa6'
2018-05-25 04:49:32,b'Dusk! #UnitedAirlines approaching #LAX on board a 15-year-old #Boeing #B737-800 #N79279. ..\n..\n#AvGeek\xe2\x80\xa6 https://t.co/jrjsF1lUoG'
2018-05-25 04:01:21,b'#UnitedAirlines club\xe2\x80\x99s tomato soup is first class!'
2018-05-25 03:39:10,"b'RT @eslpod: Hey, #unitedairlines Here Are 5 Ways to Apologize in English: https://t.co/iZHbK6wNTR https://t.co/Y2eKwKzOer'"
2018-05-25 03:28:16,"b'@united It got a whole worse....we flew in an oven. Flight attendant could have cared less. Then once we landed, we\xe2\x80\xa6 https://t.co/0Qdh7tYLag'"
2018-05-25 03:12:45,"b'Gotta love it when you go to fly with #UnitedAirlines and they screw your plans all up, let\xe2\x80\x99s see if they follow th\xe2\x80\xa6 https://t.co/N8V1FhyxOL'"
2018-05-25 02:07:15,b'#unitedairlines @united insult to injury!Flight 134 May 24 EWR-ZRH delayed 4hrs-maintenance issues. You offer $10 m\xe2\x80\xa6 https://t.co/xdLxxZAspf'
2018-05-25 01:39:44,b'CANADA \xf0\x9f\x87\xa8\xf0\x9f\x87\xa6 HERE I COME!!!! \n\n@xLibidinously SEE YOU IN A HOUR AND 40MINS EEEEEE CANT WAIT!!!!\n\n#UnitedAirlines https://t.co/fAiH1KvMCP'
2018-05-25 01:23:40,"b""@united Nope.....it is beyond absurd. I'm dumping my United Stock first thing in the morning. You guys are a mess..\xe2\x80\xa6 https://t.co/ezGabdw8YO"""
2018-05-25 01:14:51,"b'In #UnitedAirlines #puppy #overheadbin death, compensation to the owners for their loss probably was influenced by\xe2\x80\xa6 https://t.co/OzZmMoyJif'"
2018-05-25 01:08:00,b'vintage United Airlines Future Pilot metal pin 1960s https://t.co/cSUrWSqBGo #travelcollectible #etsy\xe2\x80\xa6 https://t.co/iyjFAemfFj'
2018-05-25 01:01:28,"b""@united #oscarmunoz you should be embarrassed for your company's handling of 3796 today. #unitedairlines sucks."""
2018-05-25 00:51:46,b'RT @foppish_bum: OMG!! #UnitedAirlines new #Boeing #B737MAX9! My first time seeing Max 9 in person so I\xe2\x80\x99m all giggity. ..\n..\n#AvGeek #Aviat\xe2\x80\xa6'
2018-05-25 00:49:46,b'OMG!! #UnitedAirlines new #Boeing #B737MAX9! My first time seeing Max 9 in person so I\xe2\x80\x99m all giggity. ..\n..\n#AvGeek\xe2\x80\xa6 https://t.co/0vWaOFZsRg'
2018-05-25 00:32:56,b'One of @united newest #Boeing737 Max 9 taxis to gate 68 at SFO! You can clearly see the differences between the B73\xe2\x80\xa6 https://t.co/vO0GoMRpzU'
2018-06-01 12:21:34,"b""#unitedairlines #ual app not showing delayed 6042 iad-msy. Total it's still on the ground in savanah??"""
